key,population,population_male,population_female
CL,17574003,8972014,8601989
CL_AI,103158,49511,53647
CL_AI_11101,57818,29055,28763
CL_AI_11102,852,358,494
CL_AI_11201,23959,11240,12719
CL_AI_11202,6517,2595,3922
CL_AI_11203,1843,677,1166
CL_AI_11301,3490,1588,1902
CL_AI_11302,625,251,374
CL_AI_11303,523,238,285
CL_AI_11401,4865,2288,2577
CL_AI_11402,2666,1221,1445
CL_AN,607534,292520,315014
CL_AN_02101,361873,180027,181846
CL_AN_02102,13467,5432,8035
CL_AN_02103,10186,1524,8662
CL_AN_02104,13317,5836,7481
CL_AN_02201,165731,79682,86049
CL_AN_02202,321,114,207
CL_AN_02203,10996,4835,6161
CL_AN_02301,25186,12705,12481
CL_AN_02302,6457,2365,4092
CL_AP,226068,113487,112581
CL_AP_15101,221364,111975,109389
CL_AP_15102,1255,529,726
CL_AP_15201,2765,711,2054
CL_AP_15202,684,272,412
CL_AR,957224,492093,465131
CL_AR_09101,282415,148126,134289
CL_AR_09102,24533,12331,12202
CL_AR_09103,17526,8761,8765
CL_AR_09104,7489,3668,3821
CL_AR_09105,24606,12193,12413
CL_AR_09106,11996,5964,6032
CL_AR_09107,14414,7469,6945
CL_AR_09108,38013,19565,18448
CL_AR_09109,23612,12110,11502
CL_AR_09110,6138,3047,3091
CL_AR_09111,32510,16640,15870
CL_AR_09112,76126,39130,36996
CL_AR_09113,6905,3510,3395
CL_AR_09114,24837,12772,12065
CL_AR_09115,28523,14417,14106
CL_AR_09116,12450,6321,6129
CL_AR_09117,15045,7519,7526
CL_AR_09118,9722,4839,4883
CL_AR_09119,28151,14278,13873
CL_AR_09120,55478,28282,27196
CL_AR_09121,11611,5838,5773
CL_AR_09201,53262,27649,25613
CL_AR_09202,24598,12534,12064
CL_AR_09203,17413,9037,8376
CL_AR_09204,7733,3916,3817
CL_AR_09205,10251,4905,5346
CL_AR_09206,7265,3658,3607
CL_AR_09207,9548,4621,4927
CL_AR_09208,11779,6102,5677
CL_AR_09209,10250,5293,4957
CL_AR_09210,18843,9824,9019
CL_AR_09211,34182,17774,16408
CL_AT,286168,141748,144420
CL_AT_03101,153937,77310,76627
CL_AT_03102,17662,8568,9094
CL_AT_03103,14019,6223,7796
CL_AT_03201,12219,5949,6270
CL_AT_03202,13925,6439,7486
CL_AT_03301,51917,26495,25422
CL_AT_03302,5299,2374,2925
CL_AT_03303,7041,3484,3557
CL_AT_03304,10149,4906,5243
CL_BI,1556805,806075,750730
CL_BI_08101,223574,115950,107624
CL_BI_08102,116262,60463,55799
CL_BI_08103,85938,45433,40505
CL_BI_08104,10624,5238,5386
CL_BI_08105,24333,12490,11843
CL_BI_08106,43535,22585,20950
CL_BI_08107,47367,24750,22617
CL_BI_08108,131808,68867,62941
CL_BI_08109,13749,6998,6751
CL_BI_08110,151749,78756,72993
CL_BI_08111,54946,29027,25919
CL_BI_08112,91773,48285,43488
CL_BI_08201,25522,13081,12441
CL_BI_08202,36257,18382,17875
CL_BI_08203,34537,17896,16641
CL_BI_08204,6031,3003,3028
CL_BI_08205,32288,16460,15828
CL_BI_08206,21035,10832,10203
CL_BI_08207,10417,5222,5195
CL_BI_08301,202331,104351,97980
CL_BI_08302,4073,2098,1975
CL_BI_08303,28573,14399,14174
CL_BI_08304,22389,11645,10744
CL_BI_08305,29627,15030,14597
CL_BI_08306,26315,13353,12962
CL_BI_08307,9737,4924,4813
CL_BI_08308,3988,1987,2001
CL_BI_08309,9587,4867,4720
CL_BI_08310,3412,1751,1661
CL_BI_08311,13773,7074,6699
CL_BI_08312,14134,7258,6876
CL_BI_08313,21198,10733,10465
CL_BI_08314,5923,2887,3036
CL_CO,757586,388812,368774
CL_CO_04101,221054,115218,105836
CL_CO_04102,227730,117858,109872
CL_CO_04103,11044,5525,5519
CL_CO_04104,4241,2005,2236
CL_CO_04105,4497,2257,2240
CL_CO_04106,27771,13979,13792
CL_CO_04201,30848,16109,14739
CL_CO_04202,9093,4461,4632
CL_CO_04203,21382,10321,11061
CL_CO_04204,29347,13635,15712
CL_CO_04301,111272,57653,53619
CL_CO_04302,13322,6666,6656
CL_CO_04303,30751,15481,15270
CL_CO_04304,10956,5504,5452
CL_CO_04305,4278,2140,2138
CL_LI,914555,460845,453710
CL_LI_06101,241774,123832,117942
CL_LI_06102,12988,6478,6510
CL_LI_06103,7359,3630,3729
CL_LI_06104,19597,9791,9806
CL_LI_06105,20887,10493,10394
CL_LI_06106,33437,16803,16634
CL_LI_06107,24640,11984,12656
CL_LI_06108,52505,26920,25585
CL_LI_06109,13407,6588,6819
CL_LI_06110,25343,12680,12663
CL_LI_06111,13608,6786,6822
CL_LI_06112,14313,7076,7237
CL_LI_06113,19714,9634,10080
CL_LI_06114,13002,6483,6519
CL_LI_06115,58825,29981,28844
CL_LI_06116,27968,13843,14125
CL_LI_06117,46766,23464,23302
CL_LI_06201,16394,8105,8289
CL_LI_06202,3041,1438,1603
CL_LI_06203,6294,3007,3287
CL_LI_06204,7308,3563,3745
CL_LI_06205,6641,3166,3475
CL_LI_06206,6188,2968,3220
CL_LI_06301,73973,37896,36077
CL_LI_06302,15037,7460,7577
CL_LI_06303,35399,17575,17824
CL_LI_06304,6811,3340,3471
CL_LI_06305,17833,9003,8830
CL_LI_06306,12482,6151,6331
CL_LI_06307,11007,5469,5538
CL_LI_06308,8738,4306,4432
CL_LI_06309,3421,1670,1751
CL_LI_06310,37855,19262,18593
CL_LL,828708,419308,409400
CL_LL_10101,245902,124883,121019
CL_LL_10102,33985,16881,17104
CL_LL_10103,4023,1828,2195
CL_LL_10104,12261,6080,6181
CL_LL_10105,18428,9335,9093
CL_LL_10106,17068,8387,8681
CL_LL_10107,17591,8964,8627
CL_LL_10108,14216,6985,7231
CL_LL_10109,44578,22700,21878
CL_LL_10201,43807,22336,21471
CL_LL_10202,38991,19962,19029
CL_LL_10203,14858,7413,7445
CL_LL_10204,3829,1976,1853
CL_LL_10205,13762,6849,6913
CL_LL_10206,3921,1948,1973
CL_LL_10207,5385,2612,2773
CL_LL_10208,27192,13335,13857
CL_LL_10209,8352,4044,4308
CL_LL_10210,8088,4147,3941
CL_LL_10301,161460,84305,77155
CL_LL_10302,8999,4278,4721
CL_LL_10303,20369,10393,9976
CL_LL_10304,11667,5709,5958
CL_LL_10305,14085,7034,7051
CL_LL_10306,7512,3501,4011
CL_LL_10307,10030,5052,4978
CL_LL_10401,5071,2055,3016
CL_LL_10402,2623,1248,1375
CL_LL_10403,8944,4243,4701
CL_LL_10404,1711,825,886
CL_LR,384837,195990,188847
CL_LR_14101,166080,85732,80348
CL_LR_14102,5302,2667,2635
CL_LR_14103,16752,8528,8224
CL_LR_14104,19634,9877,9757
CL_LR_14105,7095,3603,3492
CL_LR_14106,21278,10671,10607
CL_LR_14107,20188,10121,10067
CL_LR_14108,34539,17340,17199
CL_LR_14201,38036,19307,18729
CL_LR_14202,14665,7413,7252
CL_LR_14203,9896,4851,5045
CL_LR_14204,31372,15880,15492
CL_MA,166533,81284,85249
CL_MA_12101,131592,66054,65538
CL_MA_12102,274,83,191
CL_MA_12103,617,95,522
CL_MA_12104,799,180,619
CL_MA_12201,2063,868,1195
CL_MA_12202,138,12,126
CL_MA_12301,6801,2808,3993
CL_MA_12302,1158,228,930
CL_MA_12303,405,62,343
CL_MA_12401,21477,10485,10992
CL_MA_12402,1209,409,800
CL_ML,1044950,533326,511624
CL_ML_07101,220357,114735,105622
CL_ML_07102,46068,23063,23005
CL_ML_07103,9448,4596,4852
CL_ML_07104,4142,1943,2199
CL_ML_07105,49721,25462,24259
CL_ML_07106,8422,4191,4231
CL_ML_07107,8245,4003,4242
CL_ML_07108,13906,6660,7246
CL_ML_07109,43269,21592,21677
CL_ML_07110,9191,4622,4569
CL_ML_07201,40441,21127,19314
CL_ML_07202,8928,4478,4450
CL_ML_07203,7571,3806,3765
CL_ML_07301,149136,76625,72511
CL_ML_07302,9657,4774,4883
CL_ML_07303,6653,3300,3353
CL_ML_07304,45976,23341,22635
CL_ML_07305,10484,5246,5238
CL_ML_07306,15187,7563,7624
CL_ML_07307,18544,9160,9384
CL_ML_07308,28921,14157,14764
CL_ML_07309,4322,2105,2217
CL_ML_07401,93602,48931,44671
CL_ML_07402,20765,10560,10205
CL_ML_07403,30534,15052,15482
CL_ML_07404,41637,21472,20165
CL_ML_07405,19974,9920,10054
CL_ML_07406,45547,23545,22002
CL_ML_07407,16221,8341,7880
CL_ML_07408,18081,8956,9125
CL_NB,480609,248022,232587
CL_NB_16101,184739,97218,87521
CL_NB_16102,21493,11111,10382
CL_NB_16103,30907,16326,14581
CL_NB_16104,12044,6077,5967
CL_NB_16105,8448,4227,4221
CL_NB_16106,10827,5491,5336
CL_NB_16107,17485,8821,8664
CL_NB_16108,16079,8197,7882
CL_NB_16109,17787,8823,8964
CL_NB_16201,11594,5915,5679
CL_NB_16202,5012,2487,2525
CL_NB_16203,15995,8122,7873
CL_NB_16204,5213,2646,2567
CL_NB_16205,4862,2446,2416
CL_NB_16206,5755,2913,2842
CL_NB_16207,5401,2698,2703
CL_NB_16301,53024,27599,25425
CL_NB_16302,26881,13457,13424
CL_NB_16303,11152,5536,5616
CL_NB_16304,4308,2105,2203
CL_NB_16305,11603,5807,5796
CL_RM,7112808,3650541,3462267
CL_RM_13101,404495,197817,206678
CL_RM_13102,80832,41201,39631
CL_RM_13103,132622,67184,65438
CL_RM_13104,126955,65078,61877
CL_RM_13105,162505,83133,79372
CL_RM_13106,147041,73583,73458
CL_RM_13107,98671,50549,48122
CL_RM_13108,100281,51095,49186
CL_RM_13109,90119,46972,43147
CL_RM_13110,366916,191223,175693
CL_RM_13111,116571,59546,57025
CL_RM_13112,177335,90291,87044
CL_RM_13113,92787,49188,43599
CL_RM_13114,294838,158921,135917
CL_RM_13115,105833,55333,50500
CL_RM_13116,98804,49658,49146
CL_RM_13117,96249,49450,46799
CL_RM_13118,116534,61373,55161
CL_RM_13119,521627,270835,250792
CL_RM_13120,208237,112828,95409
CL_RM_13121,101174,51661,49513
CL_RM_13122,241599,124717,116882
CL_RM_13123,142079,76369,65710
CL_RM_13124,230293,117881,112412
CL_RM_13125,210410,106954,103456
CL_RM_13126,110026,56357,53669
CL_RM_13127,157851,80142,77709
CL_RM_13128,147151,74470,72681
CL_RM_13129,94492,48661,45831
CL_RM_13130,107954,57216,50738
CL_RM_13131,82900,42027,40873
CL_RM_13132,85384,46982,38402
CL_RM_13201,568106,292959,275147
CL_RM_13202,26521,13092,13429
CL_RM_13203,18189,8328,9861
CL_RM_13301,146207,71572,74635
CL_RM_13302,102034,50489,51545
CL_RM_13303,19312,9265,10047
CL_RM_13401,301313,153513,147800
CL_RM_13402,96614,49039,47575
CL_RM_13403,25392,12674,12718
CL_RM_13404,72759,36238,36521
CL_RM_13501,123627,62217,61410
CL_RM_13502,6444,2928,3516
CL_RM_13503,32579,16357,16222
CL_RM_13504,13590,6760,6830
CL_RM_13505,9726,4594,5132
CL_RM_13601,74237,37468,36769
CL_RM_13602,35923,18130,17793
CL_RM_13603,36219,18168,18051
CL_RM_13604,63250,31798,31452
CL_RM_13605,90201,46257,43944
CL_TA,330558,162765,167793
CL_TA_01101,191468,96571,94897
CL_TA_01107,108375,54169,54206
CL_TA_01401,15711,6724,8987
CL_TA_01402,1250,593,657
CL_TA_01403,1728,733,995
CL_TA_01404,2730,1229,1501
CL_TA_01405,9296,2746,6550
CL_VS,1815902,935687,880215
CL_VS_05101,296655,151710,144945
CL_VS_05102,26867,13521,13346
CL_VS_05103,42152,21831,20321
CL_VS_05104,926,427,499
CL_VS_05105,18546,9188,9358
CL_VS_05107,31923,16089,15834
CL_VS_05109,334248,175579,158669
CL_VS_05201,7750,3931,3819
CL_VS_05301,66708,33419,33289
CL_VS_05302,14832,7504,7328
CL_VS_05303,10207,5073,5134
CL_VS_05304,18855,9552,9303
CL_VS_05401,35390,18050,17340
CL_VS_05402,19388,9921,9467
CL_VS_05403,6356,3015,3341
CL_VS_05404,9826,4937,4889
CL_VS_05405,7339,3635,3704
CL_VS_05501,90517,46980,43537
CL_VS_05502,50554,26092,24462
CL_VS_05503,17988,8951,9037
CL_VS_05504,22098,11442,10656
CL_VS_05506,22120,11321,10799
CL_VS_05601,91350,46637,44713
CL_VS_05602,13817,7083,6734
CL_VS_05603,22738,11473,11265
CL_VS_05604,15955,8129,7826
CL_VS_05605,13286,6604,6682
CL_VS_05606,10900,5472,5428
CL_VS_05701,76844,39625,37219
CL_VS_05702,13998,7016,6982
CL_VS_05703,24608,12392,12216
CL_VS_05704,7273,3596,3677
CL_VS_05705,16754,8396,8358
CL_VS_05706,15241,7655,7586
CL_VS_05801,151708,79962,71746
CL_VS_05802,46121,23768,22353
CL_VS_05803,17516,8919,8597
CL_VS_05804,126548,66792,59756
MX,112769681,55106220,57663461
MX_AGU,1191191,580075,611116
MX_AGU_01001,1595820,1144916,1216913
MX_AGU_01002,91492,48308,49410
MX_AGU_01003,108560,78408,83121
MX_AGU_01004,30244,21183,22475
MX_AGU_01005,199816,182607,187563
MX_AGU_01006,84326,46858,50210
MX_AGU_01007,99201,54895,56601
MX_AGU_01008,16950,9044,9809
MX_AGU_01009,39563,22421,23385
MX_AGU_01010,38380,23245,22656
MX_AGU_01011,71835,42522,43823
MX_BCN,3167289,1598620,1568669
MX_BCN_02001,938550,598253,585731
MX_BCN_02002,1877927,968439,947494
MX_BCN_02003,203329,128848,115869
MX_BCN_02004,3120719,2379355,2359207
MX_BCN_02005,181834,104762,99552
MX_BCS,646618,331241,315377
MX_BCS_03001,143746,97665,89967
MX_BCS_03002,119796,117517,107420
MX_BCS_03003,506961,288823,282673
MX_BCS_03008,479013,284552,266648
MX_BCS_03009,34128,89874,81240
MX_CAM,831433,413093,418340
MX_CAM_04001,105878,52441,54018
MX_CAM_04002,519464,266698,281665
MX_CAM_04003,445195,305810,303110
MX_CAM_04004,166659,112860,111207
MX_CAM_04005,56644,29316,29430
MX_CAM_04006,75730,41184,39246
MX_CAM_04007,17165,14828,14366
MX_CAM_04008,19495,10225,9650
MX_CAM_04009,108997,68303,69590
MX_CAM_04010,54086,35952,34784
MX_CAM_04011,84561,95458,93340
MX_COA,2758518,1370482,1388036
MX_COA_05001,2196,3765,3978
MX_COA_05002,273870,205575,205695
MX_COA_05003,45500,35320,36344
MX_COA_05004,46233,34420,33008
MX_COA_05005,3647,3139,2841
MX_COA_05006,51976,28640,28408
MX_COA_05007,26198,15063,14470
MX_COA_05008,5837,3254,3092
MX_COA_05009,111628,59335,59558
MX_COA_05010,150518,76523,76635
MX_COA_05011,23604,14134,13270
MX_COA_05012,4413,4554,4021
MX_COA_05013,3840,2132,2010
MX_COA_05014,20125,11678,11244
MX_COA_05015,3317,2667,2372
MX_COA_05016,3704,14776,14108
MX_COA_05017,214694,112682,113336
MX_COA_05018,432729,429731,435226
MX_COA_05019,16588,12492,12525
MX_COA_05020,134054,199129,197835
MX_COA_05021,12754,8161,7749
MX_COA_05022,56105,77983,74780
MX_COA_05023,22316,46911,47486
MX_COA_05024,91157,52108,50006
MX_COA_05025,306540,153691,153522
MX_COA_05026,7025,14637,14124
MX_COA_05027,151396,112596,109508
MX_COA_05028,121963,69091,69277
MX_COA_05029,4645,11654,11350
MX_COA_05030,1450761,722745,735205
MX_COA_05031,44417,22850,22991
MX_COA_05032,83468,60512,62368
MX_COA_05033,206025,114814,114024
MX_COA_05034,12881,11554,10828
MX_COA_05035,1279382,626288,656987
MX_COA_05036,42814,22331,21870
MX_COA_05037,12783,14846,13676
MX_COA_05038,25806,15706,15015
MX_COL,654775,325371,329404
MX_COL_06001,57643,42877,42130
MX_COL_06002,294370,147809,154895
MX_COL_06003,42011,26454,26315
MX_COL_06004,38972,24065,24205
MX_COL_06005,54411,36416,37136
MX_COL_06006,10696,6634,6419
MX_COL_06007,323815,171572,170134
MX_COL_06008,16395,9007,8498
MX_COL_06009,226876,217299,214052
MX_COL_06010,240141,118234,124477
MX_CHP,4848676,2381481,2467195
MX_CHP_07001,33917,20237,19862
MX_CHP_07002,58318,33632,33405
MX_CHP_07003,55667,33128,32342
MX_CHP_07004,59947,30678,30310
MX_CHP_07005,42700,22122,21515
MX_CHP_07006,59162,29516,30856
MX_CHP_07007,17503,10891,11885
MX_CHP_07008,53505,29690,29285
MX_CHP_07009,80998,54199,56233
MX_CHP_07010,15267,7833,7670
MX_CHP_07011,38631,19439,19882
MX_CHP_07012,87612,66852,66790
MX_CHP_07013,61310,30894,31274
MX_CHP_07014,37125,18284,19048
MX_CHP_07015,87774,45091,47143
MX_CHP_07016,34815,24828,22028
MX_CHP_07017,160520,95379,94489
MX_CHP_07018,16944,8648,8716
MX_CHP_07019,282472,139358,150714
MX_CHP_07020,89966,59367,58419
MX_CHP_07021,42499,21546,22106
MX_CHP_07022,28054,13838,14216
MX_CHP_07023,153882,71110,82772
MX_CHP_07024,21634,10752,10882
MX_CHP_07025,14703,7364,7385
MX_CHP_07026,72224,35837,36780
MX_CHP_07027,176027,94504,96537
MX_CHP_07028,10821,6143,5828
MX_CHP_07029,10049,6790,6775
MX_CHP_07030,63437,35625,35612
MX_CHP_07031,223444,113311,115698
MX_CHP_07032,60522,34224,35041
MX_CHP_07033,14016,7314,7165
MX_CHP_07034,134476,69872,73425
MX_CHP_07035,25330,12458,12872
MX_CHP_07036,14550,7359,7305
MX_CHP_07037,67002,33520,34937
MX_CHP_07038,43029,21292,21900
MX_CHP_07039,45122,23300,22827
MX_CHP_07040,103206,54964,57748
MX_CHP_07041,82614,41383,42928
MX_CHP_07042,20570,10718,10971
MX_CHP_07043,20480,10680,10744
MX_CHP_07044,49132,26146,26728
MX_CHP_07045,10976,5815,5652
MX_CHP_07046,77041,61212,62249
MX_CHP_07047,37373,18959,18551
MX_CHP_07048,42177,21311,21536
MX_CHP_07049,40703,20126,20685
MX_CHP_07050,10096,6157,6213
MX_CHP_07051,89819,56433,56404
MX_CHP_07052,223534,115811,119471
MX_CHP_07053,15630,7942,8023
MX_CHP_07054,53498,32222,32806
MX_CHP_07055,10067,5114,5416
MX_CHP_07056,22314,10994,11320
MX_CHP_07057,138758,74730,76959
MX_CHP_07058,8635,6655,6256
MX_CHP_07059,400669,217967,219432
MX_CHP_07060,23756,11786,11970
MX_CHP_07061,166727,122940,125814
MX_CHP_07062,34352,18126,17828
MX_CHP_07063,7597,3816,3809
MX_CHP_07064,86717,43746,43066
MX_CHP_07065,223654,126484,128486
MX_CHP_07066,41329,21317,21555
MX_CHP_07067,21777,11736,11925
MX_CHP_07068,59695,29935,30261
MX_CHP_07069,102912,60146,60495
MX_CHP_07070,26409,13206,13264
MX_CHP_07071,56148,33010,33433
MX_CHP_07072,62231,30958,32789
MX_CHP_07073,18052,9454,9519
MX_CHP_07074,81422,40008,41414
MX_CHP_07075,51294,27450,27705
MX_CHP_07076,50382,25233,25176
MX_CHP_07077,115118,62026,62795
MX_CHP_07078,371875,178506,194417
MX_CHP_07079,66466,38506,37949
MX_CHP_07080,76449,40506,39363
MX_CHP_07081,80669,40462,41552
MX_CHP_07082,24670,13093,13218
MX_CHP_07083,34418,18999,19088
MX_CHP_07084,16207,8999,8921
MX_CHP_07085,19484,9832,9759
MX_CHP_07086,42352,30257,30163
MX_CHP_07087,70530,39369,40666
MX_CHP_07088,4489,2370,2265
MX_CHP_07089,641825,322924,346997
MX_CHP_07090,8245,4050,4278
MX_CHP_07091,24422,12901,13108
MX_CHP_07092,83132,46643,46423
MX_CHP_07093,80541,39556,41052
MX_CHP_07094,75362,46847,49692
MX_CHP_07096,142922,72614,72645
MX_CHP_07097,171523,102184,102316
MX_CHP_07098,12786,6473,6465
MX_CHP_07099,146380,84336,88207
MX_CHP_07100,63564,32038,33098
MX_CHP_07101,1107144,530865,581722
MX_CHP_07102,75532,38806,40316
MX_CHP_07103,56511,29876,30592
MX_CHP_07104,28245,17352,18053
MX_CHP_07105,28210,15837,16570
MX_CHP_07106,123502,71724,71105
MX_CHP_07107,154227,127864,131555
MX_CHP_07108,201533,128984,131094
MX_CHP_07109,68674,36832,38485
MX_CHP_07110,13481,8020,7830
MX_CHP_07111,72978,34352,38626
MX_CHP_07112,58032,28308,29724
MX_CHP_07113,10155,4972,5365
MX_CHP_07114,34684,18556,18364
MX_CHP_07115,22921,11691,11248
MX_CHP_07116,19718,10158,9875
MX_CHP_07117,13967,14522,14438
MX_CHP_07118,9103,4426,4742
MX_CHP_07119,6490,3214,3276
MX_CHP_07120,,,
MX_CHP_07121,,,
MX_CHP_07122,,,
MX_CHP_07123,,,
MX_CHP_07124,,,
MX_CHH,3441447,1712674,1728773
MX_CHH_08001,23238,15564,14683
MX_CHH_08002,45150,66187,66873
MX_CHH_08003,16917,10759,10473
MX_CHH_08004,23409,14528,10800
MX_CHH_08005,48412,81726,77487
MX_CHH_08006,12133,7172,6971
MX_CHH_08007,36495,22913,22298
MX_CHH_08008,30015,18678,18287
MX_CHH_08009,58775,32618,33568
MX_CHH_08010,44867,29793,29000
MX_CHH_08011,98503,135888,140711
MX_CHH_08012,18131,10519,10447
MX_CHH_08013,21568,14870,14459
MX_CHH_08014,4660,4236,3930
MX_CHH_08015,3614,3682,3072
MX_CHH_08016,8022,4856,4692
MX_CHH_08017,310192,163224,168115
MX_CHH_08018,11103,8042,7352
MX_CHH_08019,1639804,803532,844071
MX_CHH_08020,17332,10966,9786
MX_CHH_08021,276989,219093,221184
MX_CHH_08022,5834,3190,3097
MX_CHH_08023,11957,17549,17151
MX_CHH_08024,7891,4389,4308
MX_CHH_08025,17278,22618,23144
MX_CHH_08026,6445,3649,3435
MX_CHH_08027,102002,59527,60421
MX_CHH_08028,13171,14857,14555
MX_CHH_08029,109396,61697,60232
MX_CHH_08030,19237,13791,13153
MX_CHH_08031,80481,44748,43787
MX_CHH_08032,214667,105611,112004
MX_CHH_08033,2182,1306,1320
MX_CHH_08034,13932,8450,8060
MX_CHH_08035,22243,14258,13014
MX_CHH_08036,83322,64571,64628
MX_CHH_08037,2664951,1336679,1337469
MX_CHH_08038,9995,9093,8646
MX_CHH_08039,8145,7516,6798
MX_CHH_08040,59707,57723,54878
MX_CHH_08041,4008,3022,2816
MX_CHH_08042,3378,2809,2194
MX_CHH_08043,6240,3234,3175
MX_CHH_08044,9067,6284,6097
MX_CHH_08045,89460,54182,53216
MX_CHH_08046,17608,14037,13378
MX_CHH_08047,10848,7711,6996
MX_CHH_08048,46178,28201,26742
MX_CHH_08049,5798,3431,3163
MX_CHH_08050,118912,60556,63240
MX_CHH_08051,15321,10000,9216
MX_CHH_08052,52854,30099,28875
MX_CHH_08053,9684,5942,5680
MX_CHH_08054,16112,8840,8507
MX_CHH_08055,34379,36145,34634
MX_CHH_08056,4521,2912,2858
MX_CHH_08057,4627,3462,3232
MX_CHH_08058,6141,5254,4875
MX_CHH_08059,9642,5105,5013
MX_CHH_08060,20984,19786,19995
MX_CHH_08061,7424,4317,3936
MX_CHH_08062,65369,48812,47571
MX_CHH_08063,12633,8862,7983
MX_CHH_08064,3804,2554,2458
MX_CHH_08065,43416,28529,27658
MX_CHH_08066,16971,10573,10406
MX_CHH_08067,10368,6002,5592
MX_CMX,8851639,4234083,4617556
MX_CMX_09002,829422,392106,437316
MX_CMX_09003,1240832,584982,655850
MX_CMX_09004,372812,177810,195999
MX_CMX_09005,2371544,1142466,1229078
MX_CMX_09006,768652,365068,403584
MX_CMX_09007,3631572,1761996,1869576
MX_CMX_09008,478192,343158,373503
MX_CMX_09009,261338,129559,133877
MX_CMX_09010,1454068,692082,761986
MX_CMX_09011,720559,350717,370392
MX_CMX_09012,1301353,625531,678050
MX_CMX_09013,830101,411474,420280
MX_CMX_09014,770878,352820,418058
MX_CMX_09015,1063662,503450,560212
MX_CMX_09016,745778,345334,400444
MX_CMX_09017,861956,407302,454654
MX_DUR,1648107,812234,835873
MX_DUR_10001,63160,36205,36061
MX_DUR_10002,8549,5100,4605
MX_DUR_10003,9100,5220,5255
MX_DUR_10004,67506,36732,36178
MX_DUR_10005,1166060,591199,628649
MX_DUR_10006,21294,11222,11322
MX_DUR_10007,656842,462474,476570
MX_DUR_10008,68465,43282,43230
MX_DUR_10009,20862,12015,11378
MX_DUR_10010,8622,6309,5981
MX_DUR_10011,10619,6386,6468
MX_DUR_10012,282716,154202,157477
MX_DUR_10013,50535,39308,39271
MX_DUR_10014,69571,40396,41179
MX_DUR_10015,24894,12637,12801
MX_DUR_10016,37079,23492,23641
MX_DUR_10017,19531,15563,14668
MX_DUR_10018,22700,11519,11478
MX_DUR_10019,10568,6562,6224
MX_DUR_10020,23894,13440,13615
MX_DUR_10021,21048,12839,12375
MX_DUR_10022,49877,26537,27411
MX_DUR_10023,99001,52300,52739
MX_DUR_10024,25627,13360,13423
MX_DUR_10025,6971,4710,4297
MX_DUR_10026,40165,23953,22847
MX_DUR_10027,11993,6303,6517
MX_DUR_10028,23785,11929,12212
MX_DUR_10029,4362,2224,2138
MX_DUR_10030,3483,2485,2329
MX_DUR_10031,14026,7718,7712
MX_DUR_10032,90662,61753,62495
MX_DUR_10033,13592,7233,7835
MX_DUR_10034,54459,33085,30446
MX_DUR_10035,22199,12362,13045
MX_DUR_10036,44612,30245,30287
MX_DUR_10037,17985,10803,10340
MX_DUR_10038,42246,20984,22381
MX_DUR_10039,52381,27608,28004
MX_GUA,5504468,2649457,2855011
MX_GUA_11001,169125,85728,93795
MX_GUA_11002,218452,105300,115946
MX_GUA_11003,321605,164568,183240
MX_GUA_11004,129060,63906,68262
MX_GUA_11005,171080,83068,89502
MX_GUA_11006,11242,5604,5844
MX_GUA_11007,937612,456919,494443
MX_GUA_11008,74905,39292,43951
MX_GUA_11009,155882,75672,85907
MX_GUA_11010,23384,10985,12523
MX_GUA_11011,177008,89286,95843
MX_GUA_11012,54745,28336,30742
MX_GUA_11013,46687,23008,25206
MX_GUA_11014,297184,149436,167316
MX_GUA_11015,343752,168391,180537
MX_GUA_11016,40286,20560,23402
MX_GUA_11017,1059964,522196,563012
MX_GUA_11018,73268,38258,40948
MX_GUA_11019,101802,47781,55314
MX_GUA_11020,2875893,1436244,1502223
MX_GUA_11021,98799,47084,52884
MX_GUA_11022,45719,27679,30059
MX_GUA_11023,300776,144084,162069
MX_GUA_11024,22429,11355,12887
MX_GUA_11025,137776,70612,73312
MX_GUA_11026,113903,58410,62829
MX_GUA_11027,522368,335892,357127
MX_GUA_11028,194163,92161,102710
MX_GUA_11029,74485,36802,42316
MX_GUA_11030,214645,109585,118317
MX_GUA_11031,227400,111697,118729
MX_GUA_11032,145137,72386,78760
MX_GUA_11033,232099,121493,135047
MX_GUA_11034,10268,5072,5744
MX_GUA_11035,158901,79141,86257
MX_GUA_11036,13353,6379,7281
MX_GUA_11037,346991,175982,186857
MX_GUA_11038,23350,11244,12509
MX_GUA_11039,71313,36785,40194
MX_GUA_11040,36410,18335,19630
MX_GUA_11041,118645,56990,62276
MX_GUA_11042,282374,168216,186328
MX_GUA_11043,39860,22138,24771
MX_GUA_11044,111858,67739,72434
MX_GUA_11045,23195,11675,12653
MX_GUA_11046,141687,68177,76283
MX_GRO,3400317,1651781,1748536
MX_GRO_12001,1580291,770523,821403
MX_GRO_12002,50285,24791,27879
MX_GRO_12003,76582,37322,40366
MX_GRO_12004,37975,18101,20428
MX_GRO_12005,13274,6228,7046
MX_GRO_12006,24853,12474,13432
MX_GRO_12007,64535,32439,34283
MX_GRO_12008,16814,9119,10100
MX_GRO_12009,11414,5545,6038
MX_GRO_12010,52778,26244,28225
MX_GRO_12011,122867,62890,64993
MX_GRO_12012,125477,62154,64727
MX_GRO_12013,28946,14719,15155
MX_GRO_12014,30108,15446,16024
MX_GRO_12015,25416,13073,13791
MX_GRO_12016,26414,15744,15312
MX_GRO_12017,29444,15431,16663
MX_GRO_12018,27301,13824,14242
MX_GRO_12019,29071,14544,16060
MX_GRO_12020,37740,18625,20183
MX_GRO_12021,147089,80062,83576
MX_GRO_12022,85091,48177,44165
MX_GRO_12023,52123,29408,29044
MX_GRO_12024,14061,7091,7651
MX_GRO_12025,30237,15302,15324
MX_GRO_12026,18381,9876,10403
MX_GRO_12027,43023,23500,24214
MX_GRO_12028,241903,117200,127131
MX_GRO_12029,483774,233020,254681
MX_GRO_12030,40392,20098,20582
MX_GRO_12031,12713,6563,7022
MX_GRO_12032,73590,39292,38990
MX_GRO_12033,28806,14571,16240
MX_GRO_12034,74840,38886,41906
MX_GRO_12035,280815,136447,146814
MX_GRO_12036,21633,10809,11281
MX_GRO_12037,13237,6355,6971
MX_GRO_12038,236865,131035,134370
MX_GRO_12039,48755,24459,25412
MX_GRO_12040,49516,24651,25158
MX_GRO_12041,59244,28493,31329
MX_GRO_12042,35413,17032,18429
MX_GRO_12043,38037,18674,20609
MX_GRO_12044,22791,11595,11902
MX_GRO_12045,49760,24763,26715
MX_GRO_12046,122899,60652,63826
MX_GRO_12047,14053,6671,7763
MX_GRO_12048,90599,59376,59995
MX_GRO_12049,23158,11430,12171
MX_GRO_12050,74175,36696,38978
MX_GRO_12051,69460,33807,35862
MX_GRO_12052,84845,42684,43956
MX_GRO_12053,97154,48748,50147
MX_GRO_12054,56344,30483,31666
MX_GRO_12055,208202,101409,107790
MX_GRO_12056,88182,43700,44922
MX_GRO_12057,124891,64750,65109
MX_GRO_12058,107686,52548,58498
MX_GRO_12059,61021,29719,32139
MX_GRO_12060,26269,12759,13594
MX_GRO_12061,80200,38880,41492
MX_GRO_12062,42695,21236,23161
MX_GRO_12063,19958,9541,10548
MX_GRO_12064,23012,11629,11627
MX_GRO_12065,14227,6852,7469
MX_GRO_12066,163036,79234,86174
MX_GRO_12067,43673,22661,24100
MX_GRO_12068,51673,28090,27114
MX_GRO_12069,24484,11659,13408
MX_GRO_12070,14165,6590,7590
MX_GRO_12071,56343,28844,30475
MX_GRO_12072,21032,10074,10958
MX_GRO_12073,38353,22898,21438
MX_GRO_12074,45186,21529,23710
MX_GRO_12075,92404,45729,47470
MX_GRO_12076,65645,32425,33771
MX_GRO_12077,25870,13697,13920
MX_GRO_12078,37729,18629,20509
MX_GRO_12079,31395,16942,17417
MX_GRO_12080,14340,7311,7201
MX_GRO_12081,21053,10222,11001
MX_HID,2668544,1287130,1381414
MX_HID_13001,40164,19614,21120
MX_HID_13002,81182,38835,42431
MX_HID_13003,108622,51918,57584
MX_HID_13004,17996,8645,9479
MX_HID_13005,34128,17038,17662
MX_HID_13006,37813,19854,20875
MX_HID_13007,22765,20501,21022
MX_HID_13008,85272,42932,46731
MX_HID_13009,34752,16648,18318
MX_HID_13010,53828,28323,29159
MX_HID_13011,38935,19450,20911
MX_HID_13012,53892,25573,28345
MX_HID_13013,62157,30931,32356
MX_HID_13014,34035,19155,20562
MX_HID_13015,36854,17838,19016
MX_HID_13016,109037,52073,57519
MX_HID_13017,24573,13237,13725
MX_HID_13018,44912,23775,23139
MX_HID_13019,34882,17158,18093
MX_HID_13020,5627,2751,3062
MX_HID_13021,26724,13260,14755
MX_HID_13022,27746,15441,16192
MX_HID_13023,67809,32422,35419
MX_HID_13024,34401,17049,18378
MX_HID_13025,45244,21980,23478
MX_HID_13026,25596,13212,13608
MX_HID_13027,47202,24282,25752
MX_HID_13028,245880,121644,126381
MX_HID_13029,88628,43308,47146
MX_HID_13030,172726,81480,91246
MX_HID_13031,25687,12817,14109
MX_HID_13032,21884,10858,11047
MX_HID_13033,6403,3116,3315
MX_HID_13034,19783,10794,11154
MX_HID_13035,22872,10779,12288
MX_HID_13036,18738,9047,9881
MX_HID_13037,43311,21355,23576
MX_HID_13038,15980,7875,8332
MX_HID_13039,27758,18442,20389
MX_HID_13040,20931,10427,10770
MX_HID_13041,85707,42269,46051
MX_HID_13042,22478,11438,11778
MX_HID_13043,13246,6413,6934
MX_HID_13044,31453,16807,17353
MX_HID_13045,17926,8598,9328
MX_HID_13046,78445,40201,40891
MX_HID_13047,10125,5401,6182
MX_HID_13048,535785,255157,281980
MX_HID_13049,36535,18624,18681
MX_HID_13050,44445,21650,23984
MX_HID_13051,254852,128104,139695
MX_HID_13052,64145,32380,34094
MX_HID_13053,36351,18696,18970
MX_HID_13054,65550,31644,34023
MX_HID_13054,65550,31644,34023
MX_HID_13055,32036,15850,16944
MX_HID_13056,67016,33313,36628
MX_HID_13057,29889,15602,16298
MX_HID_13058,33731,15510,18262
MX_HID_13059,70164,33851,37414
MX_HID_13060,34422,16859,18058
MX_HID_13061,103435,50408,54870
MX_HID_13062,58286,29924,29007
MX_HID_13063,161310,79949,82872
MX_HID_13064,19880,9660,10220
MX_HID_13065,22235,12592,12926
MX_HID_13066,23318,12869,13162
MX_HID_13067,96064,47318,48859
MX_HID_13068,28094,14069,14767
MX_HID_13069,194985,106413,109136
MX_HID_13070,34308,16923,17614
MX_HID_13071,19634,10230,10384
MX_HID_13072,20541,11476,12329
MX_HID_13073,72811,36538,37384
MX_HID_13074,53534,26176,27390
MX_HID_13075,26487,13559,14213
MX_HID_13076,207906,103315,109331
MX_HID_13077,303189,142681,160700
MX_HID_13078,38145,18920,19594
MX_HID_13079,14648,7272,7457
MX_HID_13080,47216,23153,24072
MX_HID_13081,64916,31258,34509
MX_HID_13082,36092,26036,27902
MX_HID_13083,78386,45425,48036
MX_HID_13084,77112,36205,41497
MX_JAL,7378533,3616682,3761851
MX_JAL_14001,42572,21391,22384
MX_JAL_14002,48046,24628,22205
MX_JAL_14003,43486,25552,26348
MX_JAL_14004,11213,19157,20748
MX_JAL_14005,29353,16378,16491
MX_JAL_14006,114802,57031,59631
MX_JAL_14007,17794,9111,9041
MX_JAL_14008,146185,73214,78435
MX_JAL_14009,35148,17489,18028
MX_JAL_14010,13343,6783,6865
MX_JAL_14011,10834,6322,5951
MX_JAL_14012,8328,4640,4889
MX_JAL_14013,115691,61806,64297
MX_JAL_14014,16617,13169,14223
MX_JAL_14015,115579,81080,84716
MX_JAL_14016,76685,39522,41849
MX_JAL_14017,25478,16906,17176
MX_JAL_14018,128780,63178,68135
MX_JAL_14019,14300,10772,10684
MX_JAL_14020,20278,11751,11060
MX_JAL_14021,43053,23074,23184
MX_JAL_14022,78203,41829,41033
MX_JAL_14023,202362,98669,105155
MX_JAL_14024,52426,27033,28742
MX_JAL_14025,36242,18209,19590
MX_JAL_14026,11888,6204,6040
MX_JAL_14027,34815,18798,18363
MX_JAL_14028,4427,3360,3610
MX_JAL_14029,35850,18931,20778
MX_JAL_14030,97789,48164,50127
MX_JAL_14031,7684,4450,4534
MX_JAL_14032,11644,5954,5992
MX_JAL_14033,42419,22300,24085
MX_JAL_14034,4182,2514,2402
MX_JAL_14035,103718,81136,88463
MX_JAL_14036,37343,20263,21065
MX_JAL_14037,47796,24050,25163
MX_JAL_14038,8806,7696,7558
MX_JAL_14039,2990378,1434808,1555570
MX_JAL_14039,2990378,1434808,1555570
MX_JAL_14040,20649,11900,10485
MX_JAL_14041,12200,5874,6414
MX_JAL_14042,17655,11805,12752
MX_JAL_14043,47096,29255,28395
MX_JAL_14044,82448,43502,43972
MX_JAL_14045,38400,20179,21650
MX_JAL_14046,64283,44590,46808
MX_JAL_14047,45791,24072,24534
MX_JAL_14048,37518,21837,25760
MX_JAL_14049,19482,12415,11704
MX_JAL_14050,84465,44274,45356
MX_JAL_14051,26469,13772,13412
MX_HID_14052,11082,5807,6340
MX_JAL_14052,11082,5807,6340
MX_JAL_14053,308654,158332,168482
MX_JAL_14054,11007,5519,5518
MX_JAL_14055,42684,29497,30036
MX_JAL_14056,5315,3408,3247
MX_JAL_14057,7516,3626,3976
MX_JAL_14058,28903,16229,16764
MX_JAL_14059,26510,12845,14139
MX_JAL_14060,12204,6430,7579
MX_JAL_14061,38507,24064,25645
MX_JAL_14062,7215,4195,4086
MX_JAL_14063,186028,92472,96553
MX_JAL_14064,60350,31900,33623
MX_JAL_14065,24563,14309,14207
MX_JAL_14066,96947,51039,53034
MX_JAL_14067,511556,364241,361182
MX_JAL_14068,23523,13765,13103
MX_JAL_14069,17530,9056,10211
MX_JAL_14070,276512,180359,180875
MX_JAL_14071,6508,4305,4370
MX_JAL_14072,13495,11781,12971
MX_JAL_14073,131111,69297,71516
MX_JAL_14074,31032,21713,24282
MX_JAL_14075,7633,12598,12270
MX_JAL_14076,6963,3756,3705
MX_JAL_14077,52654,26910,28380
MX_JAL_14078,62788,34761,37343
MX_JAL_14079,28064,14108,15012
MX_JAL_14080,11644,7161,6547
MX_JAL_14081,7462,3980,4413
MX_JAL_14082,69833,50220,54328
MX_JAL_14083,138309,73150,73627
MX_JAL_14084,29340,25810,26096
MX_JAL_14085,76363,40988,43061
MX_JAL_14086,36360,18998,19879
MX_JAL_14087,34172,17726,18461
MX_JAL_14088,33187,17041,17016
MX_JAL_14089,7055,5458,5764
MX_JAL_14090,14161,7607,7778
MX_JAL_14091,80629,45072,50231
MX_JAL_14092,21690,10735,11186
MX_JAL_14093,272886,136428,143633
MX_JAL_14094,81851,45969,47049
MX_JAL_14095,18226,12073,12758
MX_JAL_14096,41775,21061,22194
MX_JAL_14097,833812,476514,482480
MX_JAL_14098,1216264,600795,617411
MX_JAL_14099,19243,10083,10343
MX_JAL_14100,70549,47123,45689
MX_JAL_14101,957473,488999,473394
MX_JAL_14102,11891,6313,6830
MX_JAL_14103,14541,7946,8114
MX_JAL_14104,8975,4638,4678
MX_JAL_14105,43990,23750,24710
MX_JAL_14106,8485,4440,4228
MX_JAL_14107,12665,6422,6855
MX_JAL_14108,68537,35571,38300
MX_JAL_14109,35036,23850,25878
MX_JAL_14110,27574,14461,15488
MX_JAL_14111,13660,9930,10013
MX_JAL_14112,11690,7532,8064
MX_JAL_14113,30723,20378,20547
MX_JAL_14114,33971,16845,17341
MX_JAL_14115,11411,6351,6464
MX_JAL_14116,37478,18830,20099
MX_JAL_14117,8427,7253,7774
MX_JAL_14118,44839,37016,40986
MX_JAL_14119,55851,27594,28608
MX_JAL_14120,2488279,1784793,1868507
MX_JAL_14121,58448,31820,33675
MX_JAL_14122,13410,6947,7014
MX_JAL_14123,35319,22004,22648
MX_JAL_14124,127549,67591,70437
MX_JAL_14125,35335,17443,18744
MX_MEX,15181290,7401216,7780074
MX_MEX_15001,121861,60021,64158
MX_MEX_15002,273122,136877,136425
MX_MEX_15003,89649,44451,45967
MX_MEX_15004,29712,14182,15530
MX_MEX_15005,295345,150764,151078
MX_MEX_15006,21772,10398,11374
MX_MEX_15007,45736,22448,23288
MX_MEX_15008,52789,26977,28686
MX_MEX_15009,96943,46901,50799
MX_MEX_15010,55050,27248,27996
MX_MEX_15011,112490,58408,59213
MX_MEX_15012,20598,9934,10664
MX_MEX_15013,979884,476307,503677
MX_MEX_15014,187504,93153,101369
MX_MEX_15015,55382,41435,44586
MX_MEX_15016,51132,27926,28335
MX_MEX_15017,17793,9073,9423
MX_MEX_15018,94071,46216,48049
MX_MEX_15019,68203,33635,35659
MX_MEX_15020,556134,268386,287940
MX_MEX_15021,72348,34944,37404
MX_MEX_15022,24284,11952,12332
MX_MEX_15023,78066,56177,57560
MX_MEX_15024,280151,138265,142084
MX_MEX_15025,620311,309775,324806
MX_MEX_15026,55102,27064,28038
MX_MEX_15027,19352,9476,9876
MX_MEX_15028,52382,25518,26864
MX_MEX_15029,350112,170761,179361
MX_MEX_15030,45638,22276,23362
MX_MEX_15031,1228909,605295,624986
MX_MEX_15032,66910,32968,33942
MX_MEX_15033,3312214,1612886,1699328
MX_MEX_15034,18749,9785,10194
MX_MEX_15035,200062,100267,102831
MX_MEX_15036,79728,39720,40008
MX_MEX_15037,484345,233680,251979
MX_MEX_15038,20631,10969,11235
MX_MEX_15039,934777,529357,555993
MX_MEX_15040,67082,32164,34918
MX_MEX_15041,13258,6652,6606
MX_MEX_15042,282965,136987,146430
MX_MEX_15043,53746,26697,28222
MX_MEX_15044,52656,25688,26968
MX_MEX_15045,167517,82198,85361
MX_MEX_15046,35940,17728,18212
MX_MEX_15047,138101,67919,72908
MX_MEX_15048,122429,63891,68783
MX_MEX_15049,25680,12402,13278
MX_MEX_15050,47010,23140,24126
MX_MEX_15051,269601,134097,137046
MX_MEX_15052,51255,25207,26111
MX_MEX_15053,100491,52656,54922
MX_MEX_15054,428330,207074,223172
MX_MEX_15055,23432,11847,12667
MX_MEX_15056,56879,27970,30392
MX_MEX_15057,1667572,810574,858210
MX_MEX_15058,2224439,1607631,1720566
MX_MEX_15059,63411,33405,34177
MX_MEX_15060,733212,360465,373131
MX_MEX_15061,17806,11375,11419
MX_MEX_15062,123615,61363,63485
MX_MEX_15063,63606,31080,32526
MX_MEX_15064,68892,33658,35234
MX_MEX_15065,68533,42270,38829
MX_MEX_15066,9764,5402,5291
MX_MEX_15067,156300,76780,79796
MX_MEX_15068,54436,26268,28358
MX_MEX_15069,8294,4024,4270
MX_MEX_15070,507690,247912,259778
MX_MEX_15071,26013,12833,13388
MX_MEX_15072,25510,13657,14206
MX_MEX_15073,44304,21772,22532
MX_MEX_15074,242797,116391,126485
MX_MEX_15075,49717,25468,26034
MX_MEX_15076,145158,71194,73964
MX_MEX_15077,12560,6897,7411
MX_MEX_15078,18222,8916,9306
MX_MEX_15079,23596,11556,12040
MX_MEX_15080,51618,24534,27084
MX_MEX_15081,729214,356096,374404
MX_MEX_15082,142216,70736,75252
MX_MEX_15083,22434,12268,12940
MX_MEX_15084,71976,35996,36339
MX_MEX_15085,125390,60440,64950
MX_MEX_15086,65746,32311,33482
MX_MEX_15087,180020,87926,92094
MX_MEX_15088,181893,90831,95916
MX_MEX_15089,21188,14021,14595
MX_MEX_15090,155930,76144,79786
MX_MEX_15091,126230,62480,63750
MX_MEX_15092,106031,54385,56441
MX_MEX_15093,55950,29712,30729
MX_MEX_15094,36692,18180,18819
MX_MEX_15095,177167,88049,91076
MX_MEX_15096,67818,36837,37443
MX_MEX_15097,34780,16732,18048
MX_MEX_15098,10222,5012,5210
MX_MEX_15099,470354,282976,293588
MX_MEX_15100,70404,34840,35621
MX_MEX_15101,141372,68978,73249
MX_MEX_15102,30782,14778,16004
MX_MEX_15103,92318,46250,49212
MX_MEX_15104,1328450,643494,684956
MX_MEX_15105,66053,33223,34981
MX_MEX_15106,1639131,790529,850386
MX_MEX_15107,24206,11938,12974
MX_MEX_15108,263138,192218,201592
MX_MEX_15109,973997,484704,505542
MX_MEX_15110,123221,61816,63879
MX_MEX_15111,95418,46826,48592
MX_MEX_15112,89764,44937,44962
MX_MEX_15113,119987,58650,61462
MX_MEX_15114,188751,93907,95984
MX_MEX_15115,92662,45742,46920
MX_MEX_15116,8106,4153,4129
MX_MEX_15117,30251,14476,15861
MX_MEX_15118,335528,165072,172138
MX_MEX_15119,32730,15560,17170
MX_MEX_15120,319354,158939,163763
MX_MEX_15121,1023350,497104,526246
MX_MEX_15122,715301,352013,364222
MX_MEX_15123,55814,33299,34333
MX_MEX_15124,182690,90168,92522
MX_MEX_15125,20445,11585,11796
MX_MIC,4371696,2113334,2258362
MX_MIC_16001,22029,10789,11713
MX_MIC_16002,33012,19102,18570
MX_MIC_16003,41906,20924,22890
MX_MIC_16004,29379,14042,15671
MX_MIC_16005,21581,12801,13770
MX_MIC_16006,247877,126963,130470
MX_MIC_16007,6446,3126,3420
MX_MIC_16008,48591,30029,29226
MX_MIC_16009,69881,34526,36572
MX_MIC_16010,45040,41236,42099
MX_MIC_16011,21317,10342,11084
MX_MIC_16012,84639,47575,46690
MX_MIC_16013,19102,17830,18033
MX_MIC_16014,28518,18720,17602
MX_MIC_16015,36849,21447,22239
MX_MIC_16016,41004,18748,22280
MX_MIC_16017,65920,32172,34036
MX_MIC_16018,17906,8609,9751
MX_MIC_16019,39410,19242,21523
MX_MIC_16020,56492,26953,30365
MX_MIC_16021,24336,13104,15018
MX_MIC_16022,43593,33003,23381
MX_MIC_16023,19950,9694,10256
MX_MIC_16024,36323,17565,19056
MX_MIC_16025,72592,34751,37897
MX_MIC_16026,11099,7392,7061
MX_MIC_16027,10337,4766,5837
MX_MIC_16028,11128,5198,5930
MX_MIC_16029,28879,16292,16415
MX_MIC_16030,25724,11940,14225
MX_MIC_16031,32480,15921,17236
MX_MIC_16032,29118,14070,15162
MX_MIC_16033,42665,21224,21866
MX_MIC_16034,235738,117192,126539
MX_MIC_16035,65687,34048,34827
MX_MIC_16036,23226,11518,13271
MX_MIC_16037,15968,7288,8695
MX_MIC_16038,84583,45737,47488
MX_MIC_16039,15850,7766,8084
MX_MIC_16040,32873,17677,19061
MX_MIC_16041,29546,15386,17181
MX_MIC_16042,27196,16610,17514
MX_MIC_16043,128229,65207,69600
MX_MIC_16044,26583,13383,14905
MX_MIC_16045,68426,32365,36259
MX_MIC_16046,27257,13435,14293
MX_MIC_16047,40069,21754,22820
MX_MIC_16048,11017,5368,5720
MX_MIC_16049,35583,19696,19584
MX_MIC_16050,160570,77656,85327
MX_MIC_16051,26095,12956,13787
MX_MIC_16052,358091,190587,190898
MX_MIC_16053,1458876,711460,774459
MX_MIC_16054,16182,7260,8922
MX_MIC_16055,90041,61950,63974
MX_MIC_16056,54348,26180,28168
MX_MIC_16057,16053,9723,9945
MX_MIC_16058,37791,18607,19853
MX_MIC_16059,16536,9879,10024
MX_MIC_16060,19274,9298,10201
MX_MIC_16061,45256,22484,22772
MX_MIC_16062,38923,19562,20750
MX_MIC_16063,32154,15309,17383
MX_MIC_16064,50933,27057,26784
MX_MIC_16065,69457,34903,39018
MX_MIC_16066,175681,85341,93662
MX_MIC_16067,34370,16302,18708
MX_MIC_16068,50804,26459,26780
MX_MIC_16069,199737,97701,106992
MX_MIC_16070,30618,14873,15793
MX_MIC_16071,135701,63588,72374
MX_MIC_16072,27183,14197,15243
MX_MIC_16073,51201,24408,27163
MX_MIC_16074,19970,10085,10601
MX_MIC_16075,128364,63884,67116
MX_MIC_16076,145713,70856,75320
MX_MIC_16077,37003,24783,25729
MX_MIC_16078,25246,11862,14153
MX_MIC_16079,90527,46074,49573
MX_MIC_16080,36884,18132,19699
MX_MIC_16081,17515,8876,9008
MX_MIC_16082,140075,70111,74032
MX_MIC_16083,58946,30344,30239
MX_MIC_16084,55664,27580,30418
MX_MIC_16085,65456,35623,38079
MX_MIC_16086,30373,14735,15668
MX_MIC_16087,27142,13543,14117
MX_MIC_16088,157474,82027,87747
MX_MIC_16089,46153,24503,24126
MX_MIC_16090,27918,25292,27368
MX_MIC_16091,27035,12910,14143
MX_MIC_16092,29231,17160,17056
MX_MIC_16093,55187,26515,29346
MX_MIC_16094,13797,6774,7172
MX_MIC_16095,23190,15778,16491
MX_MIC_16096,16501,10964,10714
MX_MIC_16097,64370,33884,36239
MX_MIC_16098,52119,26439,28582
MX_MIC_16099,33038,18487,18843
MX_MIC_16100,27115,12719,14461
MX_MIC_16101,19164,11797,11627
MX_MIC_16102,631282,436530,467050
MX_MIC_16103,46964,24665,25287
MX_MIC_16104,34030,16621,18395
MX_MIC_16105,38031,18695,19538
MX_MIC_16106,60010,29125,31117
MX_MIC_16107,146962,71018,76736
MX_MIC_16108,372645,185957,199163
MX_MIC_16109,6501,2978,3564
MX_MIC_16110,93480,45194,49470
MX_MIC_16111,30503,15092,15771
MX_MIC_16112,311152,151464,163713
MX_MIC_16112,311152,151464,163713
MX_MIC_16113,51174,24300,27335
MX_MOR,1781720,862076,919644
MX_MOR_17001,34124,17036,18217
MX_MOR_17002,37824,19725,20602
MX_MOR_17003,67434,33126,34726
MX_MOR_17004,157897,79063,83667
MX_MOR_17005,18942,9368,9574
MX_MOR_17006,350458,167593,183298
MX_MOR_17007,730388,349778,388609
MX_MOR_17008,167010,93183,97869
MX_MOR_17009,34723,18279,18897
MX_MOR_17010,31331,15401,16188
MX_MOR_17011,393911,189541,204383
MX_MOR_17012,110341,53332,57834
MX_MOR_17013,29348,15890,17247
MX_MOR_17014,18923,9763,10412
MX_MOR_17015,50010,24557,26143
MX_MOR_17016,33779,16706,17308
MX_MOR_17017,123265,60863,63460
MX_MOR_17018,216276,104879,111628
MX_MOR_17019,50759,24741,26320
MX_MOR_17020,83287,43022,45141
MX_MOR_17021,14907,7990,8130
MX_MOR_17022,38327,18663,20127
MX_MOR_17023,13293,6694,6640
MX_MOR_17024,97845,49730,51907
MX_MOR_17025,63423,31519,32139
MX_MOR_17026,33104,16297,16971
MX_MOR_17027,21606,10573,11164
MX_MOR_17028,129334,65222,63363
MX_MOR_17029,195724,97427,102853
MX_MOR_17030,93700,46965,48656
MX_MOR_17031,70167,33981,36373
MX_MOR_17032,18198,9117,9501
MX_MOR_17033,29289,13851,15473
MX_MOR_17034,,,
MX_MOR_17035,,,
MX_NAY,1093466,546243,547223
MX_NAY_18001,73407,41224,41036
MX_NAY_18002,30566,17703,17654
MX_NAY_18003,22422,12190,11893
MX_NAY_18004,141352,101463,101422
MX_NAY_18005,23179,13339,12823
MX_NAY_18006,54677,26828,28657
MX_NAY_18007,35511,20071,20513
MX_NAY_18008,98257,48606,50584
MX_NAY_18009,70054,40092,39745
MX_NAY_18010,68916,37469,36179
MX_NAY_18011,47155,24830,24217
MX_NAY_18012,87834,49099,40664
MX_NAY_18013,15096,10300,9777
MX_NAY_18014,45138,23773,22941
MX_NAY_18015,186404,96821,94391
MX_NAY_18016,79664,44498,42890
MX_NAY_18017,760978,374770,394710
MX_NAY_18018,60124,31501,31786
MX_NAY_18019,28620,22053,21389
MX_NAY_18020,249091,161299,156567
MX_NLE,4666880,2328223,2338657
MX_NLE_19001,5625,5897,5767
MX_NLE_León,5625,5897,5767
MX_NLE_León,7042,5244,4966
MX_NLE_19002,7042,5244,4966
MX_NLE_19003,2774,1544,1492
MX_NLE_19004,65291,33344,32724
MX_NLE_León,65291,33344,32724
MX_NLE_19005,37680,37262,37607
MX_NLE_León,37680,37262,37607
MX_NLE_León,1046891,571599,560019
MX_NLE_19006,1046891,571599,560019
MX_NLE_León,31324,18251,17591
MX_NLE_19007,31324,18251,17591
MX_NLE_León,7637,9362,9374
MX_NLE_19008,7637,9362,9374
MX_NLE_León,7637,9362,9374
MX_NLE_19009,174529,90791,87826
MX_NLE_19010,32281,16747,16228
MX_NLE_19011,15912,8982,8370
MX_NLE_León,15912,8982,8370
MX_NLE_19012,49204,83765,80772
MX_NLE_19013,22409,29044,28112
MX_NLE_19014,71217,37711,37156
MX_NLE_19015,3595,3551,3348
MX_NLE_19016,7006,6339,6100
MX_NLE_19017,80674,47053,45855
MX_NLE_León,80674,47053,45855
MX_NLE_León,80674,47053,45855
MX_NLE_19018,287445,155618,151971
MX_NLE_19019,245350,460892,520188
MX_NLE_León,245350,460892,520188
MX_NLE_19020,11413,12326,11304
MX_NLE_19021,715891,362358,356722
MX_NLE_19022,29626,19947,19729
MX_NLE_19023,2608,3181,3315
MX_NLE_León,12179,7592,7099
MX_NLE_19024,12179,7592,7099
MX_NLE_León,110637,87821,86718
MX_NLE_19025,110637,87821,86718
MX_NLE_19026,1356050,673989,683016
MX_NLE_19027,4094,3115,3164
MX_NLE_19028,3284,5606,5132
MX_NLE_19029,13979,16079,16523
MX_NLE_19030,7244,5935,5596
MX_NLE_19031,514169,267542,263604
MX_NLE_León,10778,8216,8048
MX_NLE_19032,10778,8216,8048
MX_NLE_19033,158421,117700,118945
MX_NLE_19034,11105,8024,7671
MX_NLE_19035,1739,1637,1631
MX_NLE_León,14203,7642,7592
MX_NLE_19036,14203,7642,7592
MX_NLE_19037,11043,9281,8826
MX_NLE_León,119205,63898,64316
MX_NLE_19038,119205,63898,64316
MX_NLE_León,2271138,5616416,5738780
MX_NLE_19039,2271138,5616416,5738780
MX_NLE_León,2271138,5616416,5738780
MX_NLE_19040,2126,1756,1819
MX_NLE_19041,42055,36052,33579
MX_NLE_19042,10986,6812,6603
MX_NLE_19043,5412,3648,3379
MX_NLE_19044,69568,35272,35663
MX_NLE_19045,65878,71206,66757
MX_NLE_19046,886546,438674,447872
MX_NLE_19047,33273,132500,132044
MX_NLE_León,33273,132500,132044
MX_NLE_19048,537981,269151,269416
MX_NLE_19049,81327,60482,59882
MX_NLE_León,81327,60482,59882
MX_NLE_León,4182,3222,2677
MX_NLE_19050,4182,3222,2677
MX_NLE_León,8312,5148,5004
MX_NLE_19051,8312,5148,5004
MX_OAX,3814000,1825545,1988455
MX_OAX_20001,2168,966,1202
MX_OAX_20002,89966,48234,50841
MX_OAX_20003,4990,2412,2578
MX_OAX_20004,2030,1392,1613
MX_OAX_20005,29570,15148,15377
MX_OAX_20006,35736,17070,18996
MX_OAX_20007,5224,2330,2894
MX_OAX_20008,1684,824,860
MX_OAX_20009,13440,6628,6812
MX_OAX_20010,27249,13368,14354
MX_OAX_20011,2440,1190,1250
MX_OAX_20011,2440,1190,1250
MX_OAX_20012,19853,10791,11765
MX_OAX_20013,5588,2662,2964
MX_OAX_20014,52948,25518,27712
MX_OAX_20015,9427,4462,5013
MX_OAX_20016,17062,7980,9082
MX_OAX_20017,6604,3114,3490
MX_OAX_20018,1675,882,994
MX_OAX_20019,6142,3074,3068
MX_OAX_20020,7740,3802,4361
MX_OAX_20021,29372,14570,15688
MX_OAX_20022,1749,1033,1215
MX_OAX_20023,36856,17648,19208
MX_OAX_20024,7739,4334,4185
MX_OAX_20025,22235,11004,11226
MX_OAX_20026,16967,7908,9183
MX_OAX_20027,4931,2410,2675
MX_OAX_20028,39378,18872,21325
MX_OAX_20029,8533,4168,4601
MX_OAX_20030,16816,9814,10346
MX_OAX_20031,14740,7066,8106
MX_OAX_20032,2066,978,1088
MX_OAX_20033,4866,2300,2566
MX_OAX_20034,2850,1378,1472
MX_OAX_20035,1088,534,554
MX_OAX_20036,10592,5222,5484
MX_OAX_20037,8826,4342,5311
MX_OAX_20038,4228,2172,2410
MX_OAX_20039,139684,66080,74148
MX_OAX_20040,11999,5917,6637
MX_OAX_20041,60041,28063,32257
MX_OAX_20042,15367,7829,8072
MX_OAX_20043,186311,93071,98031
MX_OAX_20044,83549,43656,47717
MX_OAX_20045,15053,8258,9189
MX_OAX_20046,6634,3115,3582
MX_OAX_20047,187,120,158
MX_OAX_20048,2608,1284,1324
MX_OAX_20049,2287,1116,1218
MX_OAX_20050,7556,3510,4046
MX_OAX_20051,8736,4118,4618
MX_OAX_20052,12394,6541,6790
MX_OAX_20053,2451,2857,3125
MX_OAX_20054,818,388,430
MX_OAX_20055,7061,3411,3711
MX_OAX_20056,2918,1884,1952
MX_OAX_20057,76397,39091,41988
MX_OAX_20058,26896,13331,13653
MX_OAX_20059,82811,39906,43520
MX_OAX_20060,5540,2584,2956
MX_OAX_20061,5136,2332,2804
MX_OAX_20062,1172,544,628
MX_OAX_20063,7764,3650,4114
MX_OAX_20064,14811,7370,7703
MX_OAX_20065,2370,1057,1322
MX_OAX_20066,10736,5557,5636
MX_OAX_20067,526736,245270,282175
MX_OAX_20068,42691,20438,22290
MX_OAX_20069,4892,2324,2568
MX_OAX_20070,13315,6786,7015
MX_OAX_20071,6442,5769,5997
MX_OAX_20072,13158,6336,6822
MX_OAX_20073,63810,29992,33854
MX_OAX_20073,63810,29992,33854
MX_OAX_20074,1010,490,520
MX_OAX_20075,5342,2620,2722
MX_OAX_20076,6679,3271,3655
MX_OAX_20077,7138,3439,3781
MX_OAX_20078,2184,1030,1154
MX_OAX_20079,164761,79154,85882
MX_OAX_20080,2624,1228,1396
MX_OAX_20081,3835,1910,2199
MX_OAX_20082,7904,3692,4212
MX_OAX_20083,16178,7912,8266
MX_OAX_20084,7791,3726,4142
MX_OAX_20085,45146,22490,23209
MX_OAX_20086,1748,736,1012
MX_OAX_20087,8150,3832,4318
MX_OAX_20088,5780,3337,3489
MX_OAX_20089,4311,2171,2341
MX_OAX_20090,11751,6272,6593
MX_OAX_20091,9765,4612,5186
MX_OAX_20092,2883,1828,2091
MX_OAX_20093,1010,478,532
MX_OAX_20094,3828,1947,2164
MX_OAX_20095,7980,3940,4040
MX_OAX_20096,1551,744,828
MX_OAX_20097,3480,1666,1814
MX_OAX_20098,8913,4994,5465
MX_OAX_20099,950,450,500
MX_OAX_20100,994,456,538
MX_OAX_20101,1452,634,818
MX_OAX_20102,8810,4270,4540
MX_OAX_20103,11302,5380,5922
MX_OAX_20104,5016,2456,2560
MX_OAX_20105,13300,6158,7142
MX_OAX_20106,594,252,342
MX_OAX_20107,42926,20250,22712
MX_OAX_20108,8709,4361,4915
MX_OAX_20109,2466,1234,1232
MX_OAX_20110,3206,1476,1730
MX_OAX_20111,8788,4222,4566
MX_OAX_20112,4882,2276,2625
MX_OAX_20113,5676,2844,2977
MX_OAX_20114,1359,671,784
MX_OAX_20115,17381,8350,9180
MX_OAX_20116,8104,3882,4222
MX_OAX_20117,4867,2371,2519
MX_OAX_20118,4944,3041,4289
MX_OAX_20119,804,487,704
MX_OAX_20120,736,320,416
MX_OAX_20121,1330,624,779
MX_OAX_20122,1364,973,995
MX_OAX_20123,5414,2597,2824
MX_OAX_20124,34213,17143,17234
MX_OAX_20125,23685,12018,12023
MX_OAX_20126,10054,4779,5373
MX_OAX_20127,2574,1295,1457
MX_OAX_20128,2461,1772,1917
MX_OAX_20129,689,910,968
MX_OAX_20130,10202,6097,5927
MX_OAX_20131,21015,9834,11278
MX_OAX_20132,2501,1246,1308
MX_OAX_20133,7978,3968,4167
MX_OAX_20134,53682,26263,27956
MX_OAX_20135,14377,6908,7604
MX_OAX_20136,23151,11189,12086
MX_OAX_20137,6898,3596,3777
MX_OAX_20138,920,434,486
MX_OAX_20139,4280,2061,2237
MX_OAX_20140,1659,1154,1256
MX_OAX_20141,14558,57530,59076
MX_OAX_20142,2320,1032,1288
MX_OAX_20143,17940,9667,9837
MX_OAX_20143,17940,9667,9837
MX_OAX_20144,2220,1088,1132
MX_OAX_20145,6948,3394,3554
MX_OAX_20146,5332,2512,2820
MX_OAX_20147,761,396,371
MX_OAX_20148,3890,1850,2040
MX_OAX_20149,3054,1660,1776
MX_OAX_20150,23789,11421,12426
MX_OAX_20151,799,513,491
MX_OAX_20152,4318,2185,2610
MX_OAX_20153,9514,6296,6855
MX_OAX_20154,4786,2248,2538
MX_OAX_20155,1896,989,999
MX_OAX_20156,6956,3382,3574
MX_OAX_20157,27720,13162,14558
MX_OAX_20158,4462,2188,2274
MX_OAX_20159,10973,5412,5766
MX_OAX_20160,2898,1420,1478
MX_OAX_20161,5155,2535,2853
MX_OAX_20162,3704,1779,1997
MX_OAX_20163,3214,1681,1849
MX_OAX_20164,6430,2972,3458
MX_OAX_20165,3022,1394,1628
MX_OAX_20165,3022,1394,1628
MX_OAX_20166,22097,10892,11813
MX_OAX_20167,4188,2076,2112
MX_OAX_20168,1971,1446,1468
MX_OAX_20169,7368,3558,3810
MX_OAX_20170,7698,3514,4184
MX_OAX_20171,36989,18007,19270
MX_OAX_20172,873,566,566
MX_OAX_20173,3038,3553,3918
MX_OAX_20174,7518,3572,3946
MX_OAX_20175,3448,1666,1782
MX_OAX_20176,5652,2841,3176
MX_OAX_20177,19054,9347,9828
MX_OAX_20178,12581,6830,7628
MX_OAX_20179,2924,1472,1452
MX_OAX_20180,4650,2276,2374
MX_OAX_20181,843,430,538
MX_OAX_20182,4599,2186,2424
MX_OAX_20183,2894,1362,1532
MX_OAX_20184,311913,152702,165100
MX_OAX_20185,17375,8877,9408
MX_OAX_20186,1213,880,932
MX_OAX_20187,5072,2890,2861
MX_OAX_20188,19005,9713,10461
MX_OAX_20189,5034,2414,2620
MX_OAX_20190,45099,24050,24916
MX_OAX_20191,650,720,850
MX_OAX_20192,2884,1334,1550
MX_OAX_20193,5095,2418,2686
MX_OAX_20194,2462,1114,1348
MX_OAX_20195,2512,1254,1258
MX_OAX_20196,811,400,421
MX_OAX_20197,6108,3008,3152
MX_OAX_20198,56368,27371,30889
MX_OAX_20199,1426,656,770
MX_OAX_20200,7864,3727,4210
MX_OAX_20201,3664,1742,1922
MX_OAX_20202,9099,4469,4887
MX_OAX_20203,6570,3160,3410
MX_OAX_20204,1430,648,782
MX_OAX_20205,34855,17169,18227
MX_OAX_20206,4716,2350,2398
MX_OAX_20207,34252,18194,18610
MX_OAX_20208,15243,7215,8150
MX_OAX_20209,1422,554,868
MX_OAX_20210,13332,6392,6940
MX_OAX_20211,6348,3322,3337
MX_OAX_20212,5614,2688,2926
MX_OAX_20213,7294,5401,6125
MX_OAX_20214,4634,2501,2475
MX_OAX_20215,1535,816,960
MX_OAX_20216,2662,1266,1396
MX_OAX_20217,7045,3556,3710
MX_OAX_20218,1218,1150,1254
MX_OAX_20219,5150,4908,5312
MX_OAX_20220,5563,2873,2697
MX_OAX_20221,2686,1312,1412
MX_OAX_20222,3060,1436,1624
MX_OAX_20223,904,390,514
MX_OAX_20224,1380,776,902
MX_OAX_20225,11910,5684,6226
MX_OAX_20226,5458,2860,2817
MX_OAX_20227,27422,13146,14363
MX_OAX_20228,1542,808,734
MX_OAX_20229,14121,6788,8087
MX_OAX_20230,2014,982,1032
MX_OAX_20231,6052,2986,3066
MX_OAX_20232,43055,20917,22369
MX_OAX_20233,3490,1440,2050
MX_OAX_20234,15108,7306,7802
MX_OAX_20235,7260,3383,4019
MX_OAX_20236,3092,1620,1784
MX_OAX_20237,3116,1624,1869
MX_OAX_20238,1632,806,826
MX_OAX_20239,2154,978,1176
MX_OAX_20240,4920,2154,2766
MX_OAX_20241,2171,1431,1803
MX_OAX_20242,22765,10997,11833
MX_OAX_20243,3496,2334,2880
MX_OAX_20244,7342,3609,3857
MX_OAX_20245,2560,1245,1323
MX_OAX_20246,1242,630,757
MX_OAX_20247,2934,1324,1610
MX_OAX_20248,28523,14602,14288
MX_OAX_20249,6950,3308,3642
MX_OAX_20250,2372,1165,1272
MX_OAX_20251,2374,1160,1332
MX_OAX_20252,4232,1946,2286
MX_OAX_20253,4504,2486,2543
MX_OAX_20254,6645,3288,3495
MX_OAX_20255,4172,1986,2186
MX_OAX_20256,472,317,381
MX_OAX_20257,2182,1006,1176
MX_OAX_20258,1488,696,792
MX_OAX_20259,4959,2399,2648
MX_OAX_20260,4989,2726,3011
MX_OAX_20261,14492,7022,7821
MX_OAX_20262,2094,1086,1134
MX_OAX_20263,7037,3525,3916
MX_OAX_20264,4568,2080,2594
MX_OAX_20265,13242,7236,6851
MX_OAX_20266,17047,10149,10323
MX_OAX_20267,594,441,435
MX_OAX_20268,1832,836,996
MX_OAX_20269,8263,3824,4463
MX_OAX_20270,2812,1370,1528
MX_OAX_20271,6500,3145,3354
MX_OAX_20272,12335,5754,6654
MX_OAX_20273,6994,3344,3650
MX_OAX_20274,2592,1276,1316
MX_OAX_20275,14608,7900,7889
MX_OAX_20276,1608,806,815
MX_OAX_20277,25236,13446,13864
MX_OAX_20278,73156,35620,37863
MX_OAX_20279,5897,3093,3294
MX_OAX_20280,4788,2304,2484
MX_OAX_20281,622,426,400
MX_OAX_20282,1596,845,794
MX_OAX_20283,2092,1031,1073
MX_OAX_20284,6327,4150,5323
MX_OAX_20285,6821,3651,3812
MX_OAX_20286,6447,3028,3543
MX_OAX_20287,717,291,455
MX_OAX_20288,1222,594,628
MX_OAX_20289,2286,1038,1248
MX_OAX_20290,2024,926,1098
MX_OAX_20291,8337,4089,4305
MX_OAX_20292,2779,1327,1569
MX_OAX_20293,31083,14876,16219
MX_OAX_20294,12628,6178,6854
MX_OAX_20295,18058,8531,9561
MX_OAX_20296,1864,1392,1524
MX_OAX_20297,4300,1896,2404
MX_OAX_20298,23660,11537,12745
MX_OAX_20299,2216,1036,1180
MX_OAX_20300,12937,6201,7017
MX_OAX_20301,3090,1461,1722
MX_OAX_20302,8272,3906,4366
MX_OAX_20303,2344,1024,1320
MX_OAX_20304,1709,835,914
MX_OAX_20305,7891,7462,8308
MX_OAX_20306,7836,3876,4064
MX_OAX_20306,7836,3876,4064
MX_OAX_20307,19206,9775,9765
MX_OAX_20308,5690,5574,5758
MX_OAX_20309,20742,10226,10516
MX_OAX_20310,13644,6644,7000
MX_OAX_20311,916,432,484
MX_OAX_20312,23143,11409,12374
MX_OAX_20313,1668,754,914
MX_OAX_20314,3422,3681,4031
MX_OAX_20315,3428,1489,1942
MX_OAX_20316,1506,684,822
MX_OAX_20317,2822,1464,1600
MX_OAX_20318,85754,42169,44602
MX_OAX_20319,2210,1548,1737
MX_OAX_20320,1460,823,941
MX_OAX_20321,1711,901,990
MX_OAX_20322,1768,816,952
MX_OAX_20323,4270,2060,2210
MX_OAX_20324,87800,43928,45612
MX_OAX_20325,21003,11721,12607
MX_OAX_20326,9914,4880,5034
MX_OAX_20327,28328,17432,17729
MX_OAX_20328,2348,1669,1766
MX_OAX_20329,2643,1329,1463
MX_OAX_20330,8564,4888,5110
MX_OAX_20331,1796,1217,1397
MX_OAX_20332,824,632,620
MX_OAX_20333,5231,2675,2992
MX_OAX_20334,88051,43964,46305
MX_OAX_20335,2005,1165,1261
MX_OAX_20336,4541,2136,2445
MX_OAX_20337,11234,5232,6061
MX_OAX_20338,18560,8852,9708
MX_OAX_20339,8007,3956,4302
MX_OAX_20340,3775,1780,2131
MX_OAX_20341,464,198,266
MX_OAX_20342,4168,1943,2292
MX_OAX_20343,3698,1764,1934
MX_OAX_20344,5241,3950,4192
MX_OAX_20345,7944,4255,4364
MX_OAX_20346,2898,1248,1650
MX_OAX_20347,7328,3606,3722
MX_OAX_20348,16529,7889,8666
MX_OAX_20349,3962,1817,2145
MX_OAX_20350,32482,15030,17452
MX_OAX_20351,5252,2457,2870
MX_OAX_20352,7666,3806,3860
MX_OAX_20353,3978,1960,2096
MX_OAX_20354,1030,888,892
MX_OAX_20355,1482,700,790
MX_OAX_20356,3986,1932,2054
MX_OAX_20357,1818,1325,1397
MX_OAX_20358,3708,1750,1958
MX_OAX_20359,1618,694,924
MX_OAX_20360,7184,3368,3816
MX_OAX_20361,1844,830,1014
MX_OAX_20362,3001,3329,4085
MX_OAX_20363,5317,2610,2821
MX_OAX_20364,29468,14627,15283
MX_OAX_20365,2623,1306,1372
MX_OAX_20366,8034,4170,4180
MX_OAX_20367,9086,4464,4622
MX_OAX_20368,3632,1778,1854
MX_OAX_20369,3710,3522,3816
MX_OAX_20370,1358,624,734
MX_OAX_20371,1908,846,1062
MX_OAX_20372,3772,1690,2082
MX_OAX_20373,905,468,518
MX_OAX_20374,2940,1420,1520
MX_OAX_20375,20240,9492,10748
MX_OAX_20376,728,354,374
MX_OAX_20377,22095,11415,12326
MX_OAX_20378,7260,3488,3857
MX_OAX_20379,5916,2718,3198
MX_OAX_20380,3944,1900,2044
MX_OAX_20381,5212,2470,2742
MX_OAX_20382,2358,1143,1285
MX_OAX_20383,1216,588,628
MX_OAX_20384,9033,4336,4754
MX_OAX_20385,155666,73644,82022
MX_OAX_20386,35813,17475,18586
MX_OAX_20387,5719,2750,2993
MX_OAX_20388,5096,2554,2698
MX_OAX_20389,1842,778,1064
MX_OAX_20390,94712,45714,48998
MX_OAX_20391,6730,3844,4002
MX_OAX_20392,13356,6368,6988
MX_OAX_20393,7219,3246,3993
MX_OAX_20394,5556,2762,2794
MX_OAX_20395,3805,1808,2138
MX_OAX_20396,6504,2880,3624
MX_OAX_20397,76953,36141,41107
MX_OAX_20398,8820,4120,4728
MX_OAX_20399,54935,26066,28885
MX_OAX_20400,3270,2254,2657
MX_OAX_20401,45129,22233,22947
MX_OAX_20402,2174,2562,2829
MX_OAX_20403,5558,2681,2971
MX_OAX_20404,1550,786,923
MX_OAX_20405,3882,1718,2216
MX_OAX_20406,41195,20619,21398
MX_OAX_20407,17068,9604,9617
MX_OAX_20408,967,510,471
MX_OAX_20409,16330,7508,8822
MX_OAX_20410,6927,3618,3740
MX_OAX_20411,1632,720,912
MX_OAX_20412,6621,3484,3493
MX_OAX_20413,77297,37974,40374
MX_OAX_20414,21601,10800,11295
MX_OAX_20415,9778,4659,5284
MX_OAX_20416,1042,724,814
MX_OAX_20417,18507,9285,10270
MX_OAX_20418,23791,11536,12481
MX_OAX_20419,1156,768,951
MX_OAX_20420,3360,1552,1808
MX_OAX_20421,8896,4553,4816
MX_OAX_20422,1371,699,852
MX_OAX_20423,1136,626,615
MX_OAX_20424,8020,4025,4383
MX_OAX_20425,4418,2208,2210
MX_OAX_20426,15730,7598,8132
MX_OAX_20427,30794,16153,17280
MX_OAX_20428,3540,1772,1768
MX_OAX_20429,3050,1477,1643
MX_OAX_20429,3050,1477,1643
MX_OAX_20430,506,244,262
MX_OAX_20431,3548,1694,1854
MX_OAX_20432,1936,930,1006
MX_OAX_20433,5192,2546,2913
MX_OAX_20433,5192,2546,2913
MX_OAX_20434,9333,4496,4971
MX_OAX_20435,7016,3492,3646
MX_OAX_20436,2229,1616,1720
MX_OAX_20437,19333,9443,10064
MX_OAX_20438,3519,1728,1872
MX_OAX_20439,48652,24285,24914
MX_OAX_20440,1792,850,942
MX_OAX_20441,15589,8322,8081
MX_OAX_20442,708,324,384
MX_OAX_20443,904,796,980
MX_OAX_20444,933,478,492
MX_OAX_20445,3284,1610,1674
MX_OAX_20446,13102,6238,6864
MX_OAX_20447,30177,14073,16147
MX_OAX_20448,4028,2043,2210
MX_OAX_20449,6751,3670,3734
MX_OAX_20450,24626,11860,12766
MX_OAX_20451,2106,990,1116
MX_OAX_20452,8440,3758,4682
MX_OAX_20453,7830,3882,3948
MX_OAX_20454,6362,3247,3139
MX_OAX_20455,5503,2599,2955
MX_OAX_20456,3375,1973,2091
MX_OAX_20457,6794,3432,3411
MX_OAX_20458,2234,1154,1270
MX_OAX_20459,8962,4102,4914
MX_OAX_20460,10837,5296,5641
MX_OAX_20461,1238,629,630
MX_OAX_20462,8707,3958,4776
MX_OAX_20463,1343,775,837
MX_OAX_20464,960,434,526
MX_OAX_20465,3141,2245,2316
MX_OAX_20466,23843,11570,12405
MX_OAX_20467,36824,18514,19975
MX_OAX_20467,36824,18514,19975
MX_OAX_20468,27174,13529,13909
MX_OAX_20469,65873,31152,35109
MX_OAX_20470,9438,4953,5104
MX_OAX_20471,992,450,542
MX_OAX_20472,6405,3583,3625
MX_OAX_20473,2789,1327,1475
MX_OAX_20474,6527,4058,4138
MX_OAX_20475,19330,9156,10274
MX_OAX_20476,836,442,488
MX_OAX_20477,2868,1436,1495
MX_OAX_20478,3847,2052,2200
MX_OAX_20479,453,449,385
MX_OAX_20480,1940,950,1014
MX_OAX_20481,3932,1852,2080
MX_OAX_20482,100792,50080,53439
MX_OAX_20483,19098,9538,10452
MX_OAX_20484,8431,4531,5521
MX_OAX_20485,6068,3144,3060
MX_OAX_20486,4958,2443,2620
MX_OAX_20487,3894,1986,1983
MX_OAX_20488,263,136,155
MX_OAX_20489,9914,5074,5390
MX_OAX_20490,6152,2946,3206
MX_OAX_20491,8346,4541,4745
MX_OAX_20492,6420,2990,3430
MX_OAX_20493,1109,585,663
MX_OAX_20494,9788,4488,5300
MX_OAX_20495,5810,3194,3243
MX_OAX_20496,4342,2046,2296
MX_OAX_20497,8246,5677,6687
MX_OAX_20498,13985,10936,10664
MX_OAX_20499,4065,2765,3231
MX_OAX_20500,15782,7511,8394
MX_OAX_20501,1880,892,988
MX_OAX_20502,11039,6084,6219
MX_OAX_20503,748,350,398
MX_OAX_20504,3304,1576,1728
MX_OAX_20505,15115,7619,7591
MX_OAX_20506,1568,1081,1261
MX_OAX_20507,6452,3279,3318
MX_OAX_20508,3055,1555,1581
MX_OAX_20509,21094,10130,10964
MX_OAX_20510,1759,840,980
MX_OAX_20511,7272,3668,3957
MX_OAX_20512,1826,864,962
MX_OAX_20513,16815,8864,8884
MX_OAX_20514,2001,1139,1262
MX_OAX_20515,123800,60912,64136
MX_OAX_20516,9192,4490,4826
MX_OAX_20517,10399,4990,5563
MX_OAX_20518,306,148,158
MX_OAX_20519,5580,2734,2846
MX_OAX_20520,14338,6784,7744
MX_OAX_20521,552,222,330
MX_OAX_20522,2426,1128,1298
MX_OAX_20523,3256,1657,1861
MX_OAX_20524,744,516,585
MX_OAX_20525,22503,14257,14359
MX_OAX_20526,32020,18542,19709
MX_OAX_20527,5667,2886,3074
MX_OAX_20528,2449,1064,1418
MX_OAX_20529,2664,1316,1348
MX_OAX_20530,6787,4368,4890
MX_OAX_20531,4666,2188,2478
MX_OAX_20532,8152,3800,4352
MX_OAX_20533,4395,2288,2488
MX_OAX_20534,7928,3678,4250
MX_OAX_20534,7928,3678,4250
MX_OAX_20535,5955,2736,3235
MX_OAX_20536,986,450,536
MX_OAX_20537,13494,6318,7176
MX_OAX_20538,1429,716,756
MX_OAX_20539,10050,4862,5188
MX_OAX_20540,14131,6641,7613
MX_OAX_20541,3414,1650,1764
MX_OAX_20541,3414,1650,1764
MX_OAX_20542,1492,664,828
MX_OAX_20543,11128,5454,5739
MX_OAX_20544,2212,994,1218
MX_OAX_20545,17955,8758,9589
MX_OAX_20546,11286,5344,5982
MX_OAX_20547,1908,892,1074
MX_OAX_20548,3488,1710,2022
MX_OAX_20549,22651,10320,12334
MX_OAX_20550,10200,7293,8296
MX_OAX_20551,39677,18958,21641
MX_OAX_20552,1020,480,540
MX_OAX_20553,18854,17333,19347
MX_OAX_20554,11211,5639,6104
MX_OAX_20555,5306,2492,2814
MX_OAX_20556,498,220,278
MX_OAX_20557,27946,26718,28588
MX_OAX_20558,3088,1660,2098
MX_OAX_20559,44975,21610,23763
MX_OAX_20560,12360,5980,7160
MX_OAX_20561,5366,2538,2828
MX_OAX_20562,2916,1382,1534
MX_OAX_20563,2627,2974,3494
MX_OAX_20564,2584,1234,1350
MX_OAX_20565,68242,32871,36170
MX_OAX_20566,6074,2978,3147
MX_OAX_20567,6281,3029,3570
MX_OAX_20568,3028,1338,1690
MX_OAX_20569,3463,1766,1966
MX_OAX_20570,38519,18942,21804
MX_PUE,5787259,2773835,3013424
MX_PUE_21001,120773,58854,62620
MX_PUE_21002,17926,10534,10433
MX_PUE_21003,67807,31303,36877
MX_PUE_21004,104310,51303,54308
MX_PUE_21005,5762,2680,3082
MX_PUE_21006,29508,14174,15334
MX_PUE_21007,6815,3374,3528
MX_PUE_21008,20914,10254,10660
MX_PUE_21009,4016,1870,2146
MX_PUE_21010,121305,58903,62930
MX_PUE_21011,3553,1630,1930
MX_PUE_21012,12576,5868,6708
MX_PUE_21013,37854,18331,19722
MX_PUE_21014,10013,4961,5506
MX_PUE_21015,201974,98933,104441
MX_PUE_21016,15696,7800,7896
MX_PUE_21017,50772,24556,26216
MX_PUE_21018,7471,3587,3898
MX_PUE_21019,254380,122249,139512
MX_PUE_21020,12879,18234,19585
MX_PUE_21021,2456,1170,1286
MX_PUE_21022,23369,10802,12872
MX_PUE_21023,16836,8410,8741
MX_PUE_21024,1905,893,1037
MX_PUE_21025,16360,9172,9497
MX_PUE_21026,27462,12936,14543
MX_PUE_21027,8386,3967,4544
MX_PUE_21028,4962,2757,2843
MX_PUE_21029,7582,3620,3962
MX_PUE_21030,1516,718,798
MX_PUE_21031,5934,3878,4293
MX_PUE_21032,2566,1292,1274
MX_PUE_21033,9534,4899,5429
MX_PUE_21034,69199,33543,35706
MX_PUE_21035,39378,19014,20807
MX_PUE_21036,28410,13602,14808
MX_PUE_21037,4678,2162,2516
MX_PUE_21038,17470,8932,9246
MX_PUE_21039,18424,8816,9608
MX_PUE_21040,19133,9795,10069
MX_PUE_21041,158325,78750,83221
MX_PUE_21042,6146,3004,3300
MX_PUE_21043,94960,47368,49271
MX_PUE_21044,30786,17543,18769
MX_PUE_21045,88152,45144,48653
MX_PUE_21046,13984,6686,7298
MX_PUE_21047,38153,26487,28390
MX_PUE_21048,37552,21343,23930
MX_PUE_21049,31534,15392,16142
MX_PUE_21050,48303,23843,24466
MX_PUE_21051,67941,33116,35911
MX_PUE_21052,2456,1742,1937
MX_PUE_21053,115968,58234,61130
MX_PUE_21054,60513,30558,32516
MX_PUE_21055,9403,4359,5082
MX_PUE_21056,2482,1790,2085
MX_PUE_21057,14926,7104,7822
MX_PUE_21058,38539,19539,19329
MX_PUE_21059,4950,2310,2648
MX_PUE_21060,13897,6618,7316
MX_PUE_21061,25157,12424,12856
MX_PUE_21062,9197,4591,4938
MX_PUE_21063,27592,13364,14529
MX_PUE_21064,32750,19867,19904
MX_PUE_21065,38106,20745,22450
MX_PUE_21066,12583,6135,7016
MX_PUE_21067,33174,17514,18469
MX_PUE_21068,15436,7698,7738
MX_PUE_21069,50775,23479,27540
MX_PUE_21070,13295,6120,7201
MX_PUE_21071,195552,92837,103009
MX_PUE_21072,31378,15412,15966
MX_PUE_21073,17420,8467,9098
MX_PUE_21074,126967,63456,67634
MX_PUE_21075,23743,12063,12648
MX_PUE_21076,53563,29293,29847
MX_PUE_21077,11495,6019,6187
MX_PUE_21078,27964,14098,13866
MX_PUE_21079,10613,5077,5552
MX_PUE_21080,5666,2656,3010
MX_PUE_21081,7390,3512,3878
MX_PUE_21082,16214,8126,8871
MX_PUE_21083,50697,25713,26320
MX_PUE_21084,13622,6570,7052
MX_PUE_21085,145670,69168,76989
MX_PUE_21086,25232,13631,14541
MX_PUE_21087,25362,12170,13479
MX_PUE_21088,9200,4504,4751
MX_PUE_21089,26063,13400,14170
MX_PUE_21090,37089,17790,19346
MX_PUE_21091,20426,9600,10826
MX_PUE_21092,10463,5208,5424
MX_PUE_21093,15547,7828,8158
MX_PUE_21094,63193,33642,35900
MX_PUE_21095,968,484,484
MX_PUE_21096,5301,3337,3442
MX_PUE_21097,4432,2064,2368
MX_PUE_21098,12442,5850,6680
MX_PUE_21099,37949,18633,19989
MX_PUE_21100,19420,9268,10235
MX_PUE_21101,7196,3390,3806
MX_PUE_21102,24028,11519,12556
MX_PUE_21103,12073,6591,7097
MX_PUE_21104,54665,32762,34769
MX_PUE_21105,9657,4693,5034
MX_PUE_21106,51444,24284,27222
MX_PUE_21107,23295,11594,12181
MX_PUE_21108,33264,25126,26853
MX_PUE_21109,41236,19810,21426
MX_PUE_21110,85848,43538,45716
MX_PUE_21111,36955,18840,20075
MX_PUE_21112,18801,8926,10316
MX_PUE_21113,9180,4423,4839
MX_PUE_21114,3079704,1469941,1612196
MX_PUE_21115,94674,54177,56977
MX_PUE_21116,42554,21481,21748
MX_PUE_21117,28104,13358,14746
MX_PUE_21118,51130,25106,26677
MX_PUE_21119,200878,97300,103578
MX_PUE_21120,10220,4786,5434
MX_PUE_21121,2264,1098,1166
MX_PUE_21122,18869,14036,14800
MX_PUE_21123,8242,4067,4222
MX_PUE_21124,28908,13636,15272
MX_PUE_21124,28908,13636,15272
MX_PUE_21125,16340,7728,8612
MX_PUE_21126,11669,5592,6203
MX_PUE_21127,7554,3514,4040
MX_PUE_21128,16246,15994,16810
MX_PUE_21129,25407,13484,15556
MX_PUE_21130,6844,3358,3885
MX_PUE_21131,1744,884,860
MX_PUE_21132,282252,135224,147439
MX_PUE_21133,1314,936,1005
MX_PUE_21134,38697,19186,20180
MX_PUE_21135,1182,570,613
MX_PUE_21136,23196,11248,11948
MX_PUE_21137,18444,13702,14416
MX_PUE_21138,21564,10396,11189
MX_PUE_21139,7119,3406,3765
MX_PUE_21140,240953,118720,129721
MX_PUE_21141,6809,3276,3562
MX_PUE_21142,55465,33574,35406
MX_PUE_21143,56851,27733,29312
MX_PUE_21144,27161,20849,21457
MX_PUE_21145,27089,13486,13892
MX_PUE_21146,1748,878,870
MX_PUE_21147,11968,6057,6480
MX_PUE_21148,16080,7706,8374
MX_PUE_21149,43993,21217,22824
MX_PUE_21150,14132,6986,7438
MX_PUE_21151,16053,10344,11298
MX_PUE_21152,23427,13048,13670
MX_PUE_21153,40611,19868,21334
MX_PUE_21154,143213,88898,96315
MX_PUE_21155,10864,5193,5715
MX_PUE_21156,550003,260442,292443
MX_PUE_21157,22710,10945,12184
MX_PUE_21158,13551,6733,6966
MX_PUE_21159,8075,3738,4561
MX_PUE_21160,6258,3074,3264
MX_PUE_21161,38067,18499,20970
MX_PUE_21162,8488,4006,4482
MX_PUE_21163,32576,15743,16994
MX_PUE_21164,149526,72244,78963
MX_PUE_21165,2282,1094,1188
MX_PUE_21166,16133,7540,9052
MX_PUE_21167,20480,9888,10592
MX_PUE_21168,13174,6359,6878
MX_PUE_21169,40964,20894,20251
MX_PUE_21170,32794,16234,16668
MX_PUE_21171,6739,3218,3542
MX_PUE_21172,51620,24850,27084
MX_PUE_21173,11389,5330,6198
MX_PUE_21174,184522,88347,99129
MX_PUE_21175,19622,9312,10428
MX_PUE_21176,16817,8637,9426
MX_PUE_21177,96568,45928,50741
MX_PUE_21178,34250,16918,17518
MX_PUE_21179,57175,28692,30025
MX_PUE_21180,73091,36487,37627
MX_PUE_21181,12552,6323,6449
MX_PUE_21182,9709,16010,17307
MX_PUE_21183,39684,19368,20326
MX_PUE_21184,12812,6256,6556
MX_PUE_21185,16853,8006,9123
MX_PUE_21186,103007,49600,53736
MX_PUE_21187,10840,5381,5552
MX_PUE_21188,34086,15908,18320
MX_PUE_21189,39501,19513,21190
MX_PUE_21190,2314,1057,1268
MX_PUE_21191,18540,8695,10097
MX_PUE_21192,11978,5890,6296
MX_PUE_21193,12484,6124,6360
MX_PUE_21194,56113,29352,31063
MX_PUE_21195,48455,23339,25417
MX_PUE_21196,3303,1538,1835
MX_PUE_21197,151314,74306,79866
MX_PUE_21198,2484,1408,1593
MX_PUE_21199,75820,36652,39168
MX_PUE_21200,7826,3836,4028
MX_PUE_21201,6374,2874,3500
MX_PUE_21202,24498,11954,12544
MX_PUE_21203,12108,5779,6380
MX_PUE_21204,15028,7226,7802
MX_PUE_21205,45958,22361,23846
MX_PUE_21206,8500,4099,4721
MX_PUE_21207,106591,51092,55541
MX_PUE_21208,152636,72440,80510
MX_PUE_21209,16506,8079,9835
MX_PUE_21210,11216,5558,5658
MX_PUE_21211,30893,14379,16683
MX_PUE_21212,38887,18546,20675
MX_PUE_21213,25289,13353,13985
MX_PUE_21214,31380,14748,16632
MX_PUE_21215,9208,6735,6987
MX_PUE_21216,5289,2675,2953
MX_PUE_21217,41060,20033,21164
MX_QUE,1832201,889640,942561
MX_QUE_22001,124458,60390,65439
MX_QUE_22002,54327,26801,29604
MX_QUE_22003,25918,13159,14523
MX_QUE_22004,128625,62702,68876
MX_QUE_22005,116683,61633,61941
MX_QUE_22006,286390,142885,151651
MX_QUE_22007,76605,44739,48896
MX_QUE_22008,71211,35964,39559
MX_QUE_22009,51241,25780,28148
MX_QUE_22010,39932,19380,21222
MX_QUE_22011,233409,125074,127752
MX_QUE_22012,128186,91126,94862
MX_QUE_22013,37005,18776,19595
MX_QUE_22014,1604268,784521,830793
MX_QUE_22015,17803,8787,10116
MX_QUE_22016,484185,243189,256280
MX_QUE_22017,126993,65445,69428
MX_QUE_22018,52899,26726,28585
MX_ROO,1330846,676585,654261
MX_ROO_23001,159375,122929,119264
MX_ROO_23001,159375,122929,119264
MX_ROO_23002,150458,79817,77626
MX_ROO_23002,150458,79817,77626
MX_ROO_23003,32643,31008,29116
MX_ROO_23003,32643,31008,29116
MX_ROO_23004,491007,333736,336762
MX_ROO_23004,491007,333736,336762
MX_ROO_23005,1323214,770720,749674
MX_ROO_23005,1323214,770720,749674
MX_ROO_23006,72542,39187,37080
MX_ROO_23006,72542,39187,37080
MX_ROO_23007,50806,31907,30497
MX_ROO_23007,50806,31907,30497
MX_ROO_23008,319440,882343,806484
MX_ROO_23008,319440,882343,806484
MX_ROO_23009,56939,60690,56872
MX_ROO_23009,56939,60690,56872
MX_ROO_23010,,,
MX_ROO_23010,,,
MX_ROO_23011,,,
MX_ROO_23011,,,
MX_SLP,2598831,1267758,1331073
MX_SLP_24001,37414,20150,22637
MX_SLP_24002,16399,8761,8970
MX_SLP_24003,95089,52562,51678
MX_SLP_24004,8949,4860,5038
MX_SLP_24005,37926,19148,20582
MX_SLP_24006,19681,10921,10507
MX_SLP_24007,37088,18514,19256
MX_SLP_24008,42832,21328,22618
MX_SLP_24009,8052,4398,4292
MX_SLP_24010,62772,32092,32658
MX_SLP_24011,87272,43807,45780
MX_SLP_24012,42416,22363,22831
MX_SLP_24013,336593,235190,251467
MX_SLP_24014,34055,17298,17142
MX_SLP_24015,42702,21940,22954
MX_SLP_24016,83297,63440,64383
MX_SLP_24017,52070,27228,26578
MX_SLP_24018,30669,15461,15836
MX_SLP_24019,11635,6067,6321
MX_SLP_24020,183523,90706,96383
MX_SLP_24021,106913,51527,56713
MX_SLP_24022,38802,19185,20705
MX_SLP_24023,31496,17132,17772
MX_SLP_24024,184640,92223,97751
MX_SLP_24025,60591,29838,32042
MX_SLP_24026,18858,10227,9790
MX_SLP_24027,20445,10731,11626
MX_SLP_24028,1545526,748361,805282
MX_SLP_24029,43235,26087,25877
MX_SLP_24030,11035,6894,7698
MX_SLP_24031,23802,12758,13213
MX_SLP_24032,81279,42011,45862
MX_SLP_24033,24178,12381,12324
MX_SLP_24034,30302,18909,18819
MX_SLP_24035,536167,262704,279300
MX_SLP_24036,57934,33758,32919
MX_SLP_24037,194084,98440,100220
MX_SLP_24038,31794,17957,17711
MX_SLP_24039,28880,16436,16731
MX_SLP_24040,76775,69681,69187
MX_SLP_24041,38814,23563,23165
MX_SLP_24042,29082,16002,16327
MX_SLP_24043,18285,9438,10285
MX_SLP_24044,15887,8289,8131
MX_SLP_24045,29144,15190,15522
MX_SLP_24046,32910,18999,19335
MX_SLP_24047,19703,10751,10643
MX_SLP_24048,10705,5576,5486
MX_SLP_24049,76120,40917,42429
MX_SLP_24050,94109,49878,50805
MX_SLP_24051,29842,15010,15265
MX_SLP_24052,20376,10164,10538
MX_SLP_24053,66664,36495,37135
MX_SLP_24054,103080,51838,52890
MX_SLP_24055,49438,25874,26788
MX_SLP_24056,31205,15947,16115
MX_SLP_24057,60631,30662,31089
MX_SLP_24058,41184,23613,23061
MX_SIN,2783193,1385862,1397331
MX_SIN_25001,834617,428251,438394
MX_SIN_25002,90225,47903,47382
MX_SIN_25003,60729,36270,33720
MX_SIN_25004,57463,35422,33709
MX_SIN_25005,33566,18210,17254
MX_SIN_25006,1720092,1229235,1269924
MX_SIN_25007,66637,37748,35035
MX_SIN_25008,86004,48704,45952
MX_SIN_25009,108522,59822,58497
MX_SIN_25010,195791,114695,110359
MX_SIN_25011,572955,302817,305853
MX_SIN_25012,879435,454086,465026
MX_SIN_25013,92073,50672,47376
MX_SIN_25014,99263,56142,53724
MX_SIN_25015,158338,80208,82789
MX_SIN_25016,45375,27112,25039
MX_SIN_25017,177892,100853,97564
MX_SIN_25018,271977,174872,172159
MX_SON,2684101,1353682,1330419
MX_SON_26001,5286,4349,3814
MX_SON_26002,159349,81213,78732
MX_SON_26003,52330,33201,30051
MX_SON_26004,18377,63056,61706
MX_SON_26005,2506,1300,1206
MX_SON_26006,6227,4350,3924
MX_SON_26007,1266,2542,2362
MX_SON_26008,2505,2000,1755
MX_SON_26009,1599,923,815
MX_SON_26010,2946,1660,1519
MX_SON_26011,3375,2573,2562
MX_SON_26012,46184,35477,34226
MX_SON_26013,3333,4678,4515
MX_SON_26014,7134,3976,3755
MX_SON_26015,2915,2652,2333
MX_SON_26016,10623,5708,5688
MX_SON_26017,163525,123445,119448
MX_SON_26018,821815,430803,437006
MX_SON_26019,66009,160342,162133
MX_SON_26020,10871,46298,42288
MX_SON_26021,3552,4081,3201
MX_SON_26022,2156,3057,2591
MX_SON_26023,12744,6573,6302
MX_SON_26024,1626,842,784
MX_SON_26025,108444,59992,59832
MX_SON_26026,121903,68756,65320
MX_SON_26027,17440,17754,16666
MX_SON_26028,2306,2376,2212
MX_SON_26029,299488,160677,159398
MX_SON_26030,1571516,833102,825476
MX_SON_26031,2707,1632,1502
MX_SON_26032,1930,3006,2658
MX_SON_26033,158944,84466,82366
MX_SON_26034,2318,1223,1158
MX_SON_26035,24893,13879,13406
MX_SON_26036,59826,66548,66027
MX_SON_26037,2744,10705,10069
MX_SON_26038,9372,4831,4757
MX_SON_26039,12834,7189,6998
MX_SON_26040,4145,3455,2951
MX_SON_26041,25529,13328,12483
MX_SON_26042,316172,163929,165505
MX_SON_26043,443136,767601,762155
MX_SON_26044,825,483,436
MX_SON_26045,5894,7081,6218
MX_SON_26046,918,2740,3078
MX_SON_26047,19232,46476,43065
MX_SON_26048,114782,59240,56004
MX_SON_26049,7048,8651,7653
MX_SON_26050,3224,1922,1692
MX_SON_26051,10650,8629,7696
MX_SON_26052,12163,9453,8995
MX_SON_26053,792,404,388
MX_SON_26054,1013,1096,856
MX_SON_26055,358026,192071,185629
MX_SON_26056,16916,10733,8462
MX_SON_26057,3241,1963,1703
MX_SON_26058,32218,25532,25377
MX_SON_26059,4087,5378,5753
MX_SON_26060,5487,11001,10036
MX_SON_26061,2621,1989,1561
MX_SON_26062,2282,5832,5058
MX_SON_26063,2730,1432,1298
MX_SON_26064,3576,4550,3921
MX_SON_26065,3637,5529,5102
MX_SON_26066,18533,13779,12920
MX_SON_26067,3481,2518,2402
MX_SON_26068,2581,6318,5678
MX_SON_26069,12318,8357,8032
MX_SON_26070,31506,19152,17374
MX_SON_26071,44251,38035,37191
MX_SON_26072,28649,34663,32139
MX_TAB,2240834,1101945,1138889
MX_TAB_27001,114308,66107,65501
MX_TAB_27002,497020,245583,253666
MX_TAB_27003,204533,108615,108819
MX_TAB_27004,1280775,624125,658328
MX_TAB_27005,385606,190232,195509
MX_TAB_27006,252832,124736,128096
MX_TAB_27007,59198,31974,34315
MX_TAB_27008,358996,189937,193478
MX_TAB_27009,72796,36922,36612
MX_TAB_27010,166732,82856,84132
MX_TAB_27011,59174,31902,31520
MX_TAB_27012,306307,151029,156363
MX_TAB_27013,230135,113218,116982
MX_TAB_27014,173240,85774,87466
MX_TAB_27015,92632,46508,47095
MX_TAB_27016,107126,53064,54896
MX_TAB_27017,118027,58314,60977
MX_TAM,3287896,1627509,1660387
MX_TAM_28001,24284,28599,27999
MX_TAM_28002,60141,39475,38692
MX_TAM_28003,426101,418062,424244
MX_TAM_28004,18278,14562,14708
MX_TAM_28005,9471,6596,6167
MX_TAM_28006,15284,8347,7794
MX_TAM_28007,30040,18905,18311
MX_TAM_28008,9274,11603,10340
MX_TAM_28009,394432,188768,205664
MX_TAM_28010,4145,3207,3106
MX_TAM_28011,17938,15072,14464
MX_TAM_28012,87757,61999,61199
MX_TAM_28013,31897,30508,27670
MX_TAM_28014,9021,15901,14990
MX_TAM_28015,31780,23949,23399
MX_TAM_28016,47932,28742,27471
MX_TAM_28017,30342,16755,16441
MX_TAM_28018,16786,9650,9467
MX_TAM_28019,35220,21666,21031
MX_TAM_28020,5266,4043,3890
MX_TAM_28021,232121,127257,131747
MX_TAM_28022,980404,510061,514381
MX_TAM_28023,9487,9309,8649
MX_TAM_28024,9524,4700,4824
MX_TAM_28025,54151,27936,27957
MX_TAM_28026,7041,3730,3362
MX_TAM_28027,768281,795810,803409
MX_TAM_28028,6858,4879,4445
MX_TAM_28029,26229,16638,15636
MX_TAM_28030,28310,25763,24924
MX_TAM_28031,3614,2010,1973
MX_TAM_28032,1218934,622923,625093
MX_TAM_28033,237850,127733,127229
MX_TAM_28034,19114,13854,12550
MX_TAM_28035,115295,75502,73651
MX_TAM_28036,2082,1418,1336
MX_TAM_28037,50699,46624,44833
MX_TAM_28038,595112,284673,310446
MX_TAM_28039,55270,29162,29493
MX_TAM_28040,126877,65540,67250
MX_TAM_28041,644742,320127,334712
MX_TAM_28042,12935,9254,8575
MX_TAM_28043,46131,32377,32655
MX_TLA,1172893,567359,605534
MX_TLA_29001,19758,10014,10489
MX_TLA_29002,26722,12848,13874
MX_TLA_29003,12283,8550,9012
MX_TLA_29004,31964,19949,20219
MX_TLA_29005,153035,76247,84365
MX_TLA_29006,89956,95607,102143
MX_TLA_29007,30736,15054,15682
MX_TLA_29008,27411,17066,17015
MX_TLA_29009,10132,5008,5124
MX_TLA_29010,132316,63375,69066
MX_TLA_29011,8613,7013,6957
MX_TLA_29012,16921,9380,9534
MX_TLA_29013,170166,88062,92969
MX_TLA_29014,27849,15501,15940
MX_TLA_29015,70449,34983,37701
MX_TLA_29016,13623,19394,21188
MX_TLA_29017,19493,9533,9958
MX_TLA_29018,70176,34672,36171
MX_TLA_29019,37471,18023,19506
MX_TLA_29020,17019,11141,11533
MX_TLA_29021,33441,24208,25376
MX_TLA_29022,11422,5692,5730
MX_TLA_29023,47293,22746,24671
MX_TLA_29024,50258,24457,26368
MX_TLA_29025,139286,68735,70855
MX_TLA_29026,35940,17683,18301
MX_TLA_29027,23541,11486,12094
MX_TLA_29028,43370,21914,23569
MX_TLA_29029,22105,12388,13758
MX_TLA_29030,27627,17375,17645
MX_TLA_29031,57653,30862,32330
MX_TLA_29032,24858,12074,12971
MX_TLA_29033,179602,85079,94553
MX_TLA_29034,80240,45499,47559
MX_TLA_29035,11178,5512,5666
MX_TLA_29036,41259,21047,22944
MX_TLA_29037,16473,9064,9799
MX_TLA_29038,29259,15187,16128
MX_TLA_29039,43549,22158,22275
MX_TLA_29040,19591,10485,11282
MX_TLA_29041,54006,25991,28122
MX_TLA_29042,24510,11712,12798
MX_TLA_29043,66180,31964,34370
MX_TLA_29044,77333,37144,40402
MX_TLA_29045,11387,11016,11706
MX_TLA_29046,8373,4582,4854
MX_TLA_29047,5558,5189,5464
MX_TLA_29048,33668,16178,17490
MX_TLA_29049,10130,5032,5125
MX_TLA_29050,19770,23877,25469
MX_TLA_29051,7187,3418,3850
MX_TLA_29052,11348,5674,6008
MX_TLA_29053,13665,12772,14261
MX_TLA_29054,10098,7203,7906
MX_TLA_29055,5687,2814,3160
MX_TLA_29056,13723,16725,17533
MX_TLA_29057,8720,4104,4672
MX_TLA_29058,15984,7680,8304
MX_TLA_29059,12592,6218,6374
MX_TLA_29060,8872,4276,4596
MX_VER,7689219,3722266,3966953
MX_VER_30001,16470,8576,8192
MX_VER_30002,6173,3023,3185
MX_VER_30003,168494,90798,97996
MX_VER_30004,82343,43232,44743
MX_VER_30005,10281,5201,5227
MX_VER_30006,41954,20780,21716
MX_VER_30007,12469,6469,6482
MX_VER_30008,19382,9618,9764
MX_VER_30009,56203,28851,28638
MX_VER_30010,120863,58567,63356
MX_VER_30011,104337,55049,56477
MX_VER_30012,15001,7451,7815
MX_VER_30013,55299,33086,36607
MX_VER_30014,85634,41525,43730
MX_VER_30015,67391,34803,36888
MX_VER_30016,51060,25361,27303
MX_VER_30017,8060,4005,4074
MX_VER_30018,3594,1732,1862
MX_VER_30019,11990,5562,6428
MX_VER_30020,19648,9422,10226
MX_VER_30021,46083,29814,32090
MX_VER_30022,40146,20089,20727
MX_VER_30023,96923,49276,49503
MX_VER_30024,29255,15094,15013
MX_VER_30025,50932,26233,26293
MX_VER_30026,43153,22368,24891
MX_VER_30027,33457,17050,17967
MX_VER_30028,276133,129359,146858
MX_VER_30029,25858,12866,12992
MX_VER_30030,83556,39556,44000
MX_VER_30031,32717,16644,17517
MX_VER_30032,98086,70127,74862
MX_VER_30033,47069,25338,27127
MX_VER_30034,51686,26122,28970
MX_VER_30035,22199,11364,11935
MX_VER_30036,18860,9197,9712
MX_VER_30037,15649,11193,11235
MX_VER_30038,173616,85910,92149
MX_VER_30039,612433,407896,430073
MX_VER_30040,96992,49203,52330
MX_VER_30041,4305,2932,2982
MX_VER_30042,11494,5864,6112
MX_VER_30043,37498,19542,18842
MX_VER_30044,393143,192059,218730
MX_VER_30045,114916,61014,65510
MX_VER_30046,31355,15692,16027
MX_VER_30047,105080,51627,54409
MX_VER_30048,235712,201023,214758
MX_VER_30049,39664,21294,21543
MX_VER_30050,30995,15156,15852
MX_VER_30051,43680,21178,22766
MX_VER_30052,23301,11305,12514
MX_VER_30053,52666,25551,28320
MX_VER_30054,23467,12581,13233
MX_VER_30055,25391,13052,13412
MX_VER_30056,13600,7468,7873
MX_VER_30057,26436,13408,13658
MX_VER_30058,110172,54735,57879
MX_VER_30059,30695,16362,17271
MX_VER_30060,30689,15380,16153
MX_VER_30061,156916,88133,89926
MX_VER_30062,37210,18448,18977
MX_VER_30063,29669,17258,17320
MX_VER_30064,7778,3798,3980
MX_VER_30065,123594,74946,78749
MX_VER_30066,51218,26522,28239
MX_VER_30067,32836,16360,16476
MX_VER_30068,119581,57471,64027
MX_VER_30069,48802,23451,26476
MX_VER_30070,36951,20143,19729
MX_VER_30071,109210,53554,57828
MX_VER_30072,41603,21013,22526
MX_VER_30073,83448,44214,46513
MX_VER_30074,13500,6506,6994
MX_VER_30075,34292,17097,18149
MX_VER_30076,27150,12846,14304
MX_VER_30077,85476,50497,52701
MX_VER_30078,25446,12808,12887
MX_VER_30079,21475,11397,11243
MX_VER_30080,42824,21219,21864
MX_VER_30081,42303,20257,22073
MX_VER_30082,29910,16802,17158
MX_VER_30083,99774,49601,51968
MX_VER_30084,11647,7875,7842
MX_VER_30085,130821,63437,68154
MX_VER_30086,81509,40473,42083
MX_VER_30087,916042,431608,493646
MX_VER_30088,9884,5068,5016
MX_VER_30089,79722,40359,44091
MX_VER_30090,20782,10635,11015
MX_VER_30091,54918,30519,30999
MX_VER_30092,70532,35313,36554
MX_VER_30093,30662,14940,16002
MX_VER_30094,74865,38909,39935
MX_VER_30095,32960,17848,18387
MX_VER_30096,3092,1492,1600
MX_VER_30097,40341,19458,21809
MX_VER_30098,5840,2886,2954
MX_VER_30099,33810,16392,17805
MX_VER_30100,45252,22726,23233
MX_VER_30101,67906,32760,35648
MX_VER_30102,203285,160780,175612
MX_VER_30103,23616,11574,12042
MX_VER_30104,34911,18584,19223
MX_VER_30105,118570,108795,120412
MX_VER_30106,8866,4318,4556
MX_VER_30107,5794,2936,2858
MX_VER_30108,316094,155329,165830
MX_VER_30109,126189,64253,66946
MX_VER_30110,20775,10535,10420
MX_VER_30111,32564,17826,18501
MX_VER_30112,40563,21068,22170
MX_VER_30113,9014,4326,4688
MX_VER_30114,20277,11822,12110
MX_VER_30115,69390,33529,36475
MX_VER_30116,29790,15498,16671
MX_OAX_30117,45168,22224,24019
MX_VER_30117,45168,22224,24019
MX_VER_30118,241998,111760,130392
MX_VER_30119,10590,5378,5849
MX_VER_30120,29970,43638,45992
MX_VER_30121,49752,35522,33407
MX_VER_30122,31887,16405,16500
MX_VER_30123,196187,113691,113352
MX_VER_30124,317785,163420,171588
MX_VER_30124,317785,163420,171588
MX_VER_30125,58459,29635,30398
MX_VER_30126,65310,33997,34241
MX_VER_30127,47306,23296,24660
MX_VER_30128,140602,70352,69712
MX_VER_30129,36096,19561,20151
MX_VER_30130,82669,43419,46975
MX_VER_30131,386703,183773,204960
MX_VER_30132,35945,17933,18305
MX_VER_30133,110879,56565,56509
MX_VER_30134,43350,24593,25531
MX_VER_30135,40496,19992,20574
MX_VER_30136,14085,6852,7299
MX_VER_30137,10983,5429,5615
MX_VER_30138,81269,38087,43187
MX_VER_30139,11886,6037,6391
MX_VER_30140,5438,2838,3058
MX_VER_30141,315111,154027,166317
MX_VER_30142,67558,35183,36291
MX_VER_30143,113237,56806,61374
MX_VER_30144,64759,33602,34923
MX_VER_30145,28994,21326,22593
MX_VER_30146,7004,3498,3506
MX_VER_30147,42778,21303,22091
MX_VER_30148,54154,27897,28561
MX_VER_30149,65345,33412,34631
MX_VER_30150,22619,12268,12184
MX_VER_30151,47578,25297,24937
MX_VER_30152,25035,14753,13960
MX_VER_30153,11782,6147,6427
MX_VER_30154,25895,14367,13997
MX_VER_30155,204510,113867,115694
MX_VER_30156,11191,5885,5450
MX_VER_30157,37448,19955,19899
MX_VER_30158,50835,28934,29631
MX_VER_30159,46958,22596,24362
MX_VER_30160,209541,112188,114938
MX_VER_30161,71284,48801,49580
MX_VER_30162,12503,6356,6626
MX_VER_30163,10464,5022,5533
MX_VER_30164,32707,16084,16806
MX_VER_30165,16498,8414,8084
MX_VER_30166,18016,9250,9080
MX_VER_30167,28080,16032,16267
MX_VER_30168,29299,14425,14915
MX_VER_30169,48254,25389,26484
MX_VER_30170,21281,10663,11366
MX_VER_30171,10584,4984,5600
MX_VER_30172,40795,22021,22257
MX_VER_30173,105202,52904,54364
MX_VER_30174,188864,95995,103406
MX_VER_30175,180457,94988,98848
MX_VER_30176,9295,4830,4905
MX_VER_30177,20624,10527,10385
MX_VER_30178,26789,14456,15300
MX_VER_30179,7930,3888,4042
MX_VER_30180,22607,11709,11983
MX_VER_30181,74515,42830,44263
MX_VER_30182,32696,17382,18161
MX_VER_30183,116270,56831,60623
MX_VER_30183,116270,56831,60623
MX_VER_30184,14364,6891,7910
MX_VER_30185,9766,4734,5067
MX_VER_30186,13536,6718,6928
MX_VER_30187,11414,5626,6008
MX_VER_30188,32806,16352,16454
MX_VER_30189,287728,154298,160933
MX_VER_30190,4362,2183,2228
MX_VER_30191,58058,28207,29914
MX_VER_30192,39490,22975,24355
MX_VER_30193,1104464,535184,593905
MX_VER_30194,21702,10666,11036
MX_VER_30195,10330,5346,5224
MX_VER_30196,34963,16732,18843
MX_VER_30197,22763,11358,11797
MX_VER_30198,13629,7176,7774
MX_VER_30199,21472,15277,16251
MX_VER_30200,24767,12463,12406
MX_VER_30201,83852,41518,42556
MX_VER_30202,27828,14135,14336
MX_VER_30203,26889,13549,14017
MX_VER_30204,92175,47374,50068
MX_VER_30205,38577,24578,24585
MX_VER_30206,54267,27158,29534
MX_VER_30207,90760,55446,58885
MX_VER_30208,45912,23411,25575
MX_VER_30209,28681,19934,20612
MX_VER_30210,54918,31716,31736
MX_VER_30211,58764,41393,43969
MX_VER_30212,25060,16062,17027
MX_YUC,1961350,966646,994704
MX_YUC_31001,12720,6806,6458
MX_YUC_31002,30702,15468,15704
MX_YUC_31003,20768,10338,10662
MX_YUC_31004,11474,5831,5933
MX_YUC_31005,4107,3158,3000
MX_YUC_31006,17368,10946,10204
MX_YUC_31007,13646,41646,39846
MX_YUC_31008,8239,5558,5352
MX_YUC_31009,9399,4987,5032
MX_YUC_31010,4849,4688,4283
MX_YUC_31011,13683,41826,39936
MX_YUC_31012,7468,6893,7406
MX_YUC_31013,18358,21264,20234
MX_YUC_31014,3208,2378,2294
MX_YUC_31015,9937,5172,5132
MX_YUC_31016,5641,4137,4092
MX_YUC_31017,8949,4629,4468
MX_YUC_31018,6079,3058,3096
MX_YUC_31019,67198,36061,35303
MX_YUC_31020,8251,8497,7961
MX_YUC_31021,15969,8604,8648
MX_YUC_31022,8332,4251,4166
MX_YUC_31023,9079,18484,17642
MX_YUC_31024,6309,7739,7962
MX_YUC_31025,9884,7195,7626
MX_YUC_31026,6995,3650,3519
MX_YUC_31027,16292,8419,8252
MX_YUC_31028,4957,4065,3815
MX_YUC_31029,11840,39153,37282
MX_YUC_31030,7086,4250,4052
MX_YUC_31031,5546,3039,2957
MX_YUC_31032,31201,17321,16736
MX_YUC_31033,38172,19379,19073
MX_YUC_31034,12134,9938,9872
MX_YUC_31035,11415,9931,10109
MX_YUC_31036,14551,12925,12560
MX_YUC_31037,9692,5034,4820
MX_YUC_31038,61496,48898,48468
MX_YUC_31039,7642,11573,11062
MX_YUC_31040,52026,60307,61880
MX_YUC_31041,157508,82305,82970
MX_YUC_31042,11027,11318,11614
MX_YUC_31043,5532,2882,2712
MX_YUC_31044,13149,6980,6933
MX_YUC_31045,4900,2725,2594
MX_YUC_31046,5788,6806,7598
MX_YUC_31047,10542,8524,8855
MX_YUC_31048,43437,27408,27106
MX_YUC_31049,6544,6694,6370
MX_YUC_31050,1661805,806103,862480
MX_YUC_31051,6170,3790,3651
MX_YUC_31052,68015,34210,34880
MX_YUC_31053,24708,13232,13730
MX_YUC_31054,5511,2831,3004
MX_YUC_31055,12584,6457,6198
MX_YUC_31056,58756,28427,31212
MX_YUC_31057,15103,15776,16220
MX_YUC_31058,48407,25063,25283
MX_YUC_31059,107929,56280,56477
MX_YUC_31060,1884,940,944
MX_YUC_31061,6945,18656,18146
MX_YUC_31062,9193,5036,4730
MX_YUC_31063,10030,6966,6761
MX_YUC_31064,3238,1626,1612
MX_YUC_31065,3728,30401,28736
MX_YUC_31066,7674,4635,4876
MX_YUC_31067,18571,11623,11133
MX_YUC_31068,6264,4108,3797
MX_YUC_31069,16917,9551,8970
MX_YUC_31070,8005,82298,80747
MX_YUC_31071,3399,1921,1693
MX_YUC_31072,3756,1898,1865
MX_YUC_31073,8930,6597,6244
MX_YUC_31074,7224,3930,3728
MX_YUC_31075,12444,21265,21814
MX_YUC_31076,32420,19636,19136
MX_YUC_31077,5223,3964,3909
MX_YUC_31078,7372,3839,3876
MX_YUC_31079,81247,41297,42518
MX_YUC_31080,19805,49454,49038
MX_YUC_31081,6231,3221,3241
MX_YUC_31082,7154,24966,24352
MX_YUC_31083,3456,4521,4097
MX_YUC_31084,13655,10300,10224
MX_YUC_31085,29739,21829,21234
MX_YUC_31086,4458,2586,2490
MX_YUC_31087,9459,6154,6404
MX_YUC_31088,3956,2915,3014
MX_YUC_31089,75452,53492,54886
MX_YUC_31090,13711,7047,6762
MX_YUC_31091,22867,11740,11448
MX_YUC_31092,13359,7812,7546
MX_YUC_31093,34384,17336,17604
MX_YUC_31094,9529,6653,6419
MX_YUC_31095,10789,5624,5784
MX_YUC_31096,147405,84164,84087
MX_YUC_31097,6960,4193,3977
MX_YUC_31098,28104,14505,14206
MX_YUC_31099,7566,3917,3708
MX_YUC_31100,6960,7769,7692
MX_YUC_31101,102133,56168,55937
MX_YUC_31102,149016,150711,156346
MX_YUC_31103,6479,8288,7871
MX_YUC_31104,29697,17102,15826
MX_YUC_31105,5763,4340,4285
MX_YUC_31106,4299,3130,2896
MX_ZAC,1500451,732092,768359
MX_ZAC_32001,12716,6678,7035
MX_ZAC_32002,10058,5067,5750
MX_ZAC_32003,5412,2875,3123
MX_ZAC_32004,8772,4668,4491
MX_ZAC_32005,80280,43215,44231
MX_ZAC_32006,16500,8640,8972
MX_ZAC_32007,25692,14288,13936
MX_ZAC_32008,23939,20123,21118
MX_ZAC_32009,21214,10566,11286
MX_ZAC_32010,427939,217036,225592
MX_ZAC_32011,6121,4195,4380
MX_ZAC_32012,16315,8876,9110
MX_ZAC_32013,11885,6221,6382
MX_ZAC_32014,44059,21701,23344
MX_ZAC_32015,3249,1944,2003
MX_ZAC_32016,44798,28256,29166
MX_ZAC_32017,320283,166278,174894
MX_ZAC_32018,8693,4813,5159
MX_ZAC_32019,47341,23978,25697
MX_ZAC_32020,115440,56283,60454
MX_ZAC_32021,9271,5260,5551
MX_ZAC_32022,41086,19894,21192
MX_ZAC_32023,24611,12596,13768
MX_ZAC_32024,96899,48892,50698
MX_ZAC_32025,24604,12399,12519
MX_ZAC_32026,35966,23446,21396
MX_ZAC_32027,5388,3860,3417
MX_ZAC_32028,5283,2951,3302
MX_ZAC_32029,44644,22259,23431
MX_ZAC_32030,5074,2494,2696
MX_ZAC_32031,18169,10147,10562
MX_ZAC_32032,23072,11544,11719
MX_ZAC_32033,9216,4885,5452
MX_ZAC_32034,56098,28032,31476
MX_ZAC_32035,31283,16523,17051
MX_ZAC_32036,81814,40586,42979
MX_ZAC_32037,34340,19004,19080
MX_ZAC_32038,140072,71353,75311
MX_ZAC_32039,125495,61763,66320
MX_ZAC_32040,43154,21128,22458
MX_ZAC_32041,5495,5036,5012
MX_ZAC_32042,122654,64887,66757
MX_ZAC_32042,122654,64887,66757
MX_ZAC_32043,2724,1415,1614
MX_ZAC_32044,31375,16697,17666
MX_ZAC_32045,16516,8673,9474
MX_ZAC_32046,14208,7100,7697
MX_ZAC_32047,11076,5414,5792
MX_ZAC_32048,51042,25280,26407
MX_ZAC_32049,67086,35026,36044
MX_ZAC_32050,18728,11298,11791
MX_ZAC_32051,69382,37299,37193
MX_ZAC_32052,36591,18336,18722
MX_ZAC_32053,25864,15902,17262
MX_ZAC_32054,37027,18985,19459
MX_ZAC_32055,58987,31689,33298
MX_ZAC_32056,276537,133296,144439
MX_ZAC_32057,33897,17493,17869
MX_ZAC_32058,5685,4181,4194
